Round,Order,Name,Team,Event,Score,Difficulty,Execution,Neutral Deduction,Stick Bonus,Inquiry,Edited,Date,Event,SV1,SV2,SV3,SV4,SV5,SV6,J1,J2,J3,J4,J5,J6
1,1,Elizabeth Blessey,Oklahoma,VT,9.8375,,,,,,,4/18/2026,NCAA '26: National Championship,10.00,10.00,10.00,10.00,10.00,10.00,9.80,9.85,9.85,9.85,9.80,9.85
1,2,Keira Wells,Oklahoma,VT,9.8875,,,,,,,4/18/2026,NCAA '26: National Championship,10.00,10.00,10.00,10.00,10.00,10.00,9.85,9.90,9.90,9.85,9.90,9.90
1,3,Hannah Scheible,Oklahoma,VT,9.9625,,,,,,,4/18/2026,NCAA '26: National Championship,10.00,10.00,10.00,10.00,10.00,10.00,9.95,9.95,9.95,10.00,9.95,10.00
1,4,Faith Torrez,Oklahoma,VT,9.9000,,,,,,,4/18/2026,NCAA '26: National Championship,10.00,10.00,10.00,10.00,10.00,10.00,9.90,9.90,9.90,9.90,9.85,9.95
1,5,Mackenzie Estep,Oklahoma,VT,9.8625,,,,,,,4/18/2026,NCAA '26: National Championship,10.00,10.00,10.00,10.00,10.00,10.00,9.85,9.85,9.90,9.85,9.85,9.90
1,6,Lily Pederson,Oklahoma,VT,9.9875,,,,,,,4/18/2026,NCAA '26: National Championship,10.00,10.00,10.00,10.00,10.00,10.00,10.00,9.95,10.00,10.00,9.95,10.00
1,1,Ava Stewart,Minnesota,VT,9.8375,,,,,,,4/18/2026,NCAA '26: National Championship,10.00,10.00,10.00,10.00,10.00,10.00,9.80,9.85,9.85,9.80,9.85,9.90
1,2,Sarah Moraw,Minnesota,VT,9.7750,,,,,,,4/18/2026,NCAA '26: National Championship,9.95,9.95,9.95,9.95,9.95,9.95,9.75,9.70,9.75,9.80,9.80,9.80
1,3,Teryn Crump,Minnesota,VT,9.8750,,,,,,,4/18/2026,NCAA '26: National Championship,10.00,10.00,10.00,10.00,10.00,10.00,9.85,9.85,9.90,9.90,9.85,9.90
1,4,Emma Slevin,Minnesota,VT,9.8500,,,,,,,4/18/2026,NCAA '26: National Championship,9.95,9.95,9.95,9.95,9.95,9.95,9.85,9.80,9.85,9.85,9.85,9.85
1,5,Gianna Gerdes,Minnesota,VT,9.9000,,,,,,,4/18/2026,NCAA '26: National Championship,10.00,10.00,10.00,10.00,10.00,10.00,9.90,9.85,9.90,9.90,9.90,9.90
1,6,Arianna Ostrum,Minnesota,VT,9.8125,,,,,,,4/18/2026,NCAA '26: National Championship,10.00,10.00,10.00,10.00,10.00,10.00,9.80,9.85,9.80,9.80,9.85,9.80
1,1,Anya Pilgrim,Florida,VT,9.8250,,,,,,,4/18/2026,NCAA '26: National Championship,10.00,10.00,10.00,10.00,10.00,10.00,9.80,9.85,9.85,9.80,9.85,9.80
1,2,Skylar Draser,Florida,VT,9.8250,,,,,,,4/18/2026,NCAA '26: National Championship,10.00,10.00,10.00,10.00,10.00,10.00,9.80,9.90,9.80,9.80,9.80,9.90
1,3,eMjae Frazier,Florida,VT,9.8750,,,,,,,4/18/2026,NCAA '26: National Championship,10.00,10.00,10.00,10.00,10.00,10.00,9.85,9.85,9.85,9.90,9.90,9.90
1,4,Kayla DiCello,Florida,VT,9.8500,,,,,,,4/18/2026,NCAA '26: National Championship,10.00,10.00,10.00,10.00,10.00,10.00,9.85,9.85,9.85,9.90,9.85,9.85
1,5,Danie Ferris,Florida,VT,9.8000,,,,,,,4/18/2026,NCAA '26: National Championship,10.00,10.00,10.00,10.00,10.00,10.00,9.70,9.75,9.80,9.80,9.85,9.85
1,6,Selena Harris-Miranda,Florida,VT,9.8750,,,,,,,4/18/2026,NCAA '26: National Championship,10.00,10.00,10.00,10.00,10.00,10.00,9.85,9.85,9.90,9.95,9.85,9.90
1,1,Lexi Zeiss,LSU,VT,9.8375,,,,,,,4/18/2026,NCAA '26: National Championship,10.00,10.00,10.00,10.00,10.00,10.00,9.80,9.80,9.85,9.85,9.85,9.85
1,2,Konnor McClain,LSU,VT,9.8875,,,,,,,4/18/2026,NCAA '26: National Championship,9.95,9.95,9.95,9.95,9.95,9.95,9.85,9.85,9.90,9.90,9.90,9.90
1,3,Victoria Roberts,LSU,VT,9.8750,,,,,,,4/18/2026,NCAA '26: National Championship,10.00,10.00,10.00,10.00,10.00,10.00,9.85,9.85,9.85,9.90,9.90,9.90
1,4,Kaliya Lincoln,LSU,VT,9.8000,,,,,,,4/18/2026,NCAA '26: National Championship,10.00,10.00,10.00,10.00,10.00,10.00,9.75,9.80,9.80,9.80,9.80,9.85
1,5,Amari Drayton,LSU,VT,9.8750,,,,,,,4/18/2026,NCAA '26: National Championship,10.00,10.00,10.00,10.00,10.00,10.00,9.85,9.85,9.90,9.90,9.80,9.90
1,6,Kailin Chio,LSU,VT,10.0000,,,,,,,4/18/2026,NCAA '26: National Championship,10.00,10.00,10.00,10.00,10.00,10.00,10.00,10.00,10.00,10.00,10.00,10.00
2,1,Lily Pederson,Oklahoma,UB,9.8500,,,,,,,4/18/2026,NCAA '26: National Championship,10.00,10.00,10.00,10.00,10.00,10.00,9.85,9.85,9.80,9.85,9.85,9.85
2,2,Ella Murphy,Oklahoma,UB,9.9125,,,,,,,4/18/2026,NCAA '26: National Championship,10.00,10.00,10.00,10.00,10.00,10.00,9.90,9.95,9.90,9.90,9.95,9.90
2,3,Mackenzie Estep,Oklahoma,UB,9.9375,,,,,,,4/18/2026,NCAA '26: National Championship,10.00,10.00,10.00,10.00,10.00,10.00,9.95,9.90,9.95,9.90,9.95,9.95
2,4,Hannah Scheible,Oklahoma,UB,9.8625,,,,,,,4/18/2026,NCAA '26: National Championship,10.00,10.00,10.00,10.00,10.00,10.00,9.90,9.85,9.90,9.85,9.80,9.85
2,5,Caitlin Smith,Oklahoma,UB,9.9000,,,,,,,4/18/2026,NCAA '26: National Championship,10.00,10.00,10.00,10.00,10.00,10.00,9.90,9.90,9.90,9.90,9.90,9.90
2,6,Faith Torrez,Oklahoma,UB,9.8750,,,,,,,4/18/2026,NCAA '26: National Championship,10.00,10.00,10.00,10.00,10.00,10.00,9.85,9.90,9.90,9.80,9.90,9.85
2,1,Gianna Gerdes,Minnesota,UB,9.8000,,,,,,,4/18/2026,NCAA '26: National Championship,10.00,10.00,10.00,10.00,10.00,10.00,9.80,9.80,9.80,9.80,9.75,9.80
2,2,Arianna Ostrum,Minnesota,UB,9.9000,,,,,,,4/18/2026,NCAA '26: National Championship,10.00,10.00,10.00,10.00,10.00,10.00,9.90,9.85,9.90,9.90,9.90,9.95
2,3,Teryn Crump,Minnesota,UB,9.7875,,,,,,,4/18/2026,NCAA '26: National Championship,10.00,10.00,10.00,10.00,10.00,10.00,9.80,9.90,9.80,9.70,9.75,9.80
2,4,Lacie Saltzmann,Minnesota,UB,9.8375,,,,,,,4/18/2026,NCAA '26: National Championship,10.00,10.00,10.00,10.00,10.00,10.00,9.80,9.90,9.75,9.85,9.80,9.90
2,5,Emma Slevin,Minnesota,UB,9.8875,,,,,,,4/18/2026,NCAA '26: National Championship,10.00,10.00,10.00,10.00,10.00,10.00,9.90,9.90,9.90,9.85,9.90,9.85
2,6,Jordyn Lyden,Minnesota,UB,9.8375,,,,,,,4/18/2026,NCAA '26: National Championship,10.00,10.00,10.00,10.00,10.00,10.00,9.80,9.85,9.85,9.80,9.85,9.85
2,1,eMjae Frazier,Florida,UB,9.9125,,,,,,,4/18/2026,NCAA '26: National Championship,10.00,10.00,10.00,10.00,10.00,10.00,9.90,9.95,9.90,9.95,9.90,9.90
2,2,Anya Pilgrim,Florida,UB,9.9000,,,,,,,4/18/2026,NCAA '26: National Championship,10.00,10.00,10.00,10.00,10.00,10.00,9.90,9.90,9.90,9.90,9.85,9.90
2,3,Skye Blakely,Florida,UB,9.9500,,,,,,,4/18/2026,NCAA '26: National Championship,10.00,10.00,10.00,10.00,10.00,10.00,9.95,9.95,9.95,9.95,9.95,9.90
2,4,Kayla DiCello,Florida,UB,9.8875,,,,,,,4/18/2026,NCAA '26: National Championship,10.00,10.00,10.00,10.00,10.00,10.00,9.85,9.90,9.85,9.90,9.90,9.90
2,5,Selena Harris-Miranda,Florida,UB,9.9500,,,,,,,4/18/2026,NCAA '26: National Championship,10.00,10.00,10.00,10.00,10.00,10.00,9.95,9.95,9.95,9.95,9.95,9.95
2,6,Riley McCusker,Florida,UB,9.8375,,,,,,,4/18/2026,NCAA '26: National Championship,10.00,10.00,10.00,10.00,10.00,10.00,9.70,9.85,9.90,9.80,9.90,9.80
2,1,Lexi Zeiss,LSU,UB,9.9250,,,,,,,4/18/2026,NCAA '26: National Championship,10.00,10.00,10.00,10.00,10.00,10.00,9.90,9.95,9.95,9.90,9.95,9.90
2,2,Ashley Cowan,LSU,UB,9.9250,,,,,,,4/18/2026,NCAA '26: National Championship,10.00,10.00,10.00,10.00,10.00,10.00,9.95,9.90,9.90,9.95,9.85,9.95
2,3,Madison Ulrich,LSU,UB,9.8875,,,,,,,4/18/2026,NCAA '26: National Championship,10.00,10.00,10.00,10.00,10.00,10.00,9.90,9.90,9.95,9.90,9.85,9.85
2,4,Kailin Chio,LSU,UB,9.9000,,,,,,,4/18/2026,NCAA '26: National Championship,10.00,10.00,10.00,10.00,10.00,10.00,9.90,9.90,9.90,9.85,9.95,9.90
2,5,Courtney Blackson,LSU,UB,9.9125,,,,,,,4/18/2026,NCAA '26: National Championship,10.00,10.00,10.00,10.00,10.00,10.00,9.95,9.90,9.85,9.90,9.90,9.95
2,6,Konnor McClain,LSU,UB,9.9500,,,,,,,4/18/2026,NCAA '26: National Championship,10.00,10.00,10.00,10.00,10.00,10.00,9.95,9.95,9.95,9.95,9.95,9.95
3,1,Addison Fatta,Oklahoma,BB,9.7375,,,,,,,4/18/2026,NCAA '26: National Championship,10.00,10.00,10.00,10.00,10.00,10.00,9.75,9.65,9.80,9.65,9.80,9.75
3,2,Keira Wells,Oklahoma,BB,9.0500,,,,,,,4/18/2026,NCAA '26: National Championship,9.70,9.70,9.80,9.70,9.70,9.80,9.10,9.00,9.10,9.00,9.00,9.15
3,3,Ella Murphy,Oklahoma,BB,9.9375,,,,,,,4/18/2026,NCAA '26: National Championship,10.00,10.00,10.00,10.00,10.00,10.00,9.95,9.90,9.95,10.00,9.95,9.90
3,4,Lily Pederson,Oklahoma,BB,9.9500,,,,,,,4/18/2026,NCAA '26: National Championship,10.00,10.00,10.00,10.00,10.00,10.00,9.95,9.95,9.95,9.95,9.95,9.95
3,5,Elle Mueller,Oklahoma,BB,9.8625,,,,,,,4/18/2026,NCAA '26: National Championship,10.00,10.00,10.00,10.00,10.00,10.00,9.85,9.85,9.85,9.85,9.90,9.90
3,6,Faith Torrez,Oklahoma,BB,9.9500,,,,,,,4/18/2026,NCAA '26: National Championship,10.00,10.00,10.00,10.00,10.00,10.00,9.95,9.90,10.00,9.95,9.95,9.95
3,1,Arianna Ostrum,Minnesota,BB,9.8750,,,,,,,4/18/2026,NCAA '26: National Championship,10.00,10.00,10.00,10.00,10.00,10.00,9.85,9.90,9.90,9.90,9.85,9.85
3,2,Ava Stewart,Minnesota,BB,9.9000,,,,,,,4/18/2026,NCAA '26: National Championship,10.00,10.00,10.00,10.00,10.00,10.00,9.90,9.90,9.85,9.90,9.90,9.90
3,3,Sarah Moraw,Minnesota,BB,9.8500,,,,,,,4/18/2026,NCAA '26: National Championship,10.00,10.00,10.00,10.00,10.00,10.00,9.85,9.80,9.85,9.85,9.85,9.90
3,4,Brooklyn Rowray,Minnesota,BB,9.9125,,,,,,,4/18/2026,NCAA '26: National Championship,10.00,10.00,10.00,10.00,10.00,10.00,9.90,9.90,9.95,10.00,9.85,9.90
3,5,Lauren Pearl,Minnesota,BB,9.4375,,,,,,,4/18/2026,NCAA '26: National Championship,9.90,9.90,9.90,9.90,9.90,9.90,9.55,9.45,9.40,9.50,9.40,9.35
3,6,Jordyn Lyden,Minnesota,BB,9.9125,,,,,,,4/18/2026,NCAA '26: National Championship,10.00,10.00,10.00,10.00,10.00,10.00,9.95,9.95,9.85,9.95,9.85,9.90
3,1,Skylar Draser,Florida,BB,9.8375,,,,,,,4/18/2026,NCAA '26: National Championship,10.00,10.00,10.00,10.00,10.00,10.00,9.85,9.80,9.85,9.80,9.85,9.85
3,2,Skye Blakely,Florida,BB,9.9125,,,,,,,4/18/2026,NCAA '26: National Championship,10.00,10.00,10.00,10.00,10.00,10.00,9.95,9.85,9.95,9.90,9.90,9.90
3,3,eMjae Frazier,Florida,BB,9.8000,,,,,,,4/18/2026,NCAA '26: National Championship,10.00,10.00,10.00,10.00,10.00,10.00,9.80,9.80,9.85,9.70,9.75,9.85
3,4,Kayla DiCello,Florida,BB,9.9000,,,,,,,4/18/2026,NCAA '26: National Championship,10.00,10.00,10.00,10.00,10.00,10.00,9.85,9.90,9.90,9.90,9.90,9.90
3,5,Selena Harris-Miranda,Florida,BB,9.9375,,,,,,,4/18/2026,NCAA '26: National Championship,10.00,10.00,10.00,10.00,10.00,10.00,10.00,9.95,9.95,9.90,9.90,9.95
3,6,Alyssa Arana,Florida,BB,9.1500,,,,,,,4/18/2026,NCAA '26: National Championship,9.90,9.90,9.90,9.90,9.90,9.90,9.20,9.05,9.20,9.10,9.10,9.35
3,1,Kylie Coen,LSU,BB,9.9125,,,,,,,4/18/2026,NCAA '26: National Championship,10.00,10.00,10.00,10.00,10.00,10.00,9.90,9.95,9.85,9.90,9.95,9.90
3,2,Lexi Zeiss,LSU,BB,9.2375,,,,,,,4/18/2026,NCAA '26: National Championship,9.90,9.90,9.90,9.90,9.80,9.90,9.30,9.30,9.25,9.05,9.10,9.35
3,3,Amari Drayton,LSU,BB,9.8750,,,,,,,4/18/2026,NCAA '26: National Championship,10.00,10.00,10.00,10.00,10.00,10.00,9.90,9.80,9.90,9.90,9.90,9.80
3,4,Kaliya Lincoln,LSU,BB,9.8375,,,,,,,4/18/2026,NCAA '26: National Championship,10.00,10.00,10.00,10.00,10.00,10.00,9.85,9.85,9.85,9.80,9.75,9.85
3,5,Konnor McClain,LSU,BB,9.9500,,,,,,,4/18/2026,NCAA '26: National Championship,9.90,10.00,10.00,10.00,10.00,10.00,9.80,9.95,9.95,9.95,9.95,9.95
3,6,Kailin Chio,LSU,BB,9.9000,,,,,,,4/18/2026,NCAA '26: National Championship,10.00,10.00,10.00,10.00,10.00,10.00,9.90,9.90,9.90,9.80,9.90,9.95
4,1,Ella Murphy,Oklahoma,FX,9.8750,,,,,,,4/18/2026,NCAA '26: National Championship,10.00,10.00,10.00,10.00,10.00,10.00,9.95,9.90,9.85,9.85,9.90,9.85
4,2,Lily Pederson,Oklahoma,FX,9.9375,,,,,,,4/18/2026,NCAA '26: National Championship,10.00,10.00,10.00,10.00,10.00,10.00,9.95,9.95,9.85,9.95,9.95,9.90
4,3,Keira Wells,Oklahoma,FX,9.9000,,,,,,,4/18/2026,NCAA '26: National Championship,10.00,10.00,10.00,10.00,10.00,10.00,9.90,9.90,9.90,9.95,9.90,9.90
4,4,Elle Mueller,Oklahoma,FX,9.9375,,,,,,,4/18/2026,NCAA '26: National Championship,10.00,10.00,10.00,10.00,10.00,10.00,9.95,9.95,9.95,9.95,9.90,9.90
4,5,Mackenzie Estep,Oklahoma,FX,9.9125,,,,,,,4/18/2026,NCAA '26: National Championship,10.00,10.00,10.00,10.00,10.00,10.00,9.90,9.90,9.90,9.95,9.85,9.95
4,6,Faith Torrez,Oklahoma,FX,9.9500,,,,,,,4/18/2026,NCAA '26: National Championship,10.00,10.00,10.00,10.00,10.00,10.00,9.95,9.95,9.95,9.95,9.95,9.85
4,1,Lacie Saltzmann,Minnesota,FX,9.7875,,,,,,,4/18/2026,NCAA '26: National Championship,10.00,10.00,10.00,10.00,10.00,10.00,9.70,9.80,9.80,9.80,9.85,9.75
4,2,Brooklyn Rowray,Minnesota,FX,9.8125,,,,,,,4/18/2026,NCAA '26: National Championship,10.00,10.00,10.00,10.00,10.00,10.00,9.80,9.70,9.85,9.85,9.75,9.85
4,3,Sophie Swartzmiller,Minnesota,FX,9.8625,,,,,,,4/18/2026,NCAA '26: National Championship,10.00,10.00,10.00,10.00,10.00,10.00,9.90,9.85,9.85,9.90,9.85,9.85
4,4,Leah Gonsiorowski,Minnesota,FX,9.9000,,,,,,,4/18/2026,NCAA '26: National Championship,10.00,10.00,10.00,10.00,10.00,10.00,9.90,9.90,9.90,9.90,9.85,9.90
4,5,Arianna Ostrum,Minnesota,FX,9.9000,,,,,,,4/18/2026,NCAA '26: National Championship,10.00,10.00,10.00,10.00,10.00,10.00,9.90,9.90,9.90,9.90,9.90,9.95
4,6,Jordyn Lyden,Minnesota,FX,9.9125,,,,,,,4/18/2026,NCAA '26: National Championship,10.00,10.00,10.00,10.00,10.00,10.00,9.95,9.90,9.90,9.90,9.95,9.90
4,1,Gabby Disidore,Florida,FX,9.8625,,,,,,,4/18/2026,NCAA '26: National Championship,10.00,10.00,10.00,10.00,10.00,10.00,9.90,9.85,9.85,9.90,9.85,9.80
4,2,Danie Ferris,Florida,FX,9.8750,,,,,,,4/18/2026,NCAA '26: National Championship,10.00,10.00,10.00,10.00,10.00,10.00,9.80,9.90,9.90,9.85,9.90,9.85
4,3,eMjae Frazier,Florida,FX,9.8875,,,,,,,4/18/2026,NCAA '26: National Championship,10.00,10.00,10.00,10.00,10.00,10.00,9.90,9.85,9.95,9.90,9.90,9.85
4,4,Skye Blakely,Florida,FX,9.9125,,,,,,,4/18/2026,NCAA '26: National Championship,10.00,10.00,10.00,10.00,10.00,10.00,9.90,9.90,9.90,9.95,9.95,9.90
4,5,Kayla DiCello,Florida,FX,9.8750,,,,,,,4/18/2026,NCAA '26: National Championship,10.00,10.00,10.00,10.00,10.00,10.00,9.85,9.90,9.90,9.90,9.85,9.80
4,6,Selena Harris-Miranda,Florida,FX,9.9000,,,,,,,4/18/2026,NCAA '26: National Championship,10.00,10.00,10.00,10.00,10.00,10.00,9.90,9.90,9.90,9.90,9.90,9.85
4,1,Emily Innes,LSU,FX,9.8250,,,,,,,4/18/2026,NCAA '26: National Championship,10.00,10.00,10.00,10.00,10.00,10.00,9.80,9.80,9.85,9.85,9.90,9.75
4,2,Nina Ballou,LSU,FX,9.8750,,,,,,,4/18/2026,NCAA '26: National Championship,10.00,10.00,10.00,10.00,10.00,10.00,9.85,9.85,9.90,9.90,9.85,9.90
4,3,Kylie Coen,LSU,FX,9.8625,,,,,,,4/18/2026,NCAA '26: National Championship,10.00,10.00,10.00,10.00,10.00,10.00,9.90,9.85,9.90,9.85,9.85,9.85
4,4,Amari Drayton,LSU,FX,9.9375,,,,,,,4/18/2026,NCAA '26: National Championship,10.00,10.00,10.00,10.00,10.00,10.00,10.00,9.90,9.90,9.95,9.95,9.95
4,5,Kailin Chio,LSU,FX,9.9000,,,,,,,4/18/2026,NCAA '26: National Championship,10.00,10.00,10.00,10.00,10.00,10.00,9.85,9.90,9.90,9.90,9.95,9.90
4,6,Kaliya Lincoln,LSU,FX,9.9375,,,,,,,4/18/2026,NCAA '26: National Championship,10.00,10.00,10.00,10.00,10.00,10.00,9.90,9.95,9.95,9.95,9.95,9.90
