MEET_DATE,MEET_NAME,SCORE_SITE,SESSION_ID,SCORE_URL,WAG_MAG,EXPORT_STATUS,EXPORT_FILENAME,EXPORT_TIMESTAMP,EXPORT_MESSAGE
2026-04-02 14:00:00,NCAA Regional '26 @ LSU: Second Round #1,Virtius,nXzWc7FAB_,https://virti.us/session?s=nXzWc7FAB_,WAG,NOT_PROCESSED,,,
2026-04-02 14:00:00,NCAA Regional '26 @ Kentucky: CMU vs Rutgers,Virtius,rICvUUwgET,https://virti.us/session?s=rICvUUwgET,WAG,NOT_PROCESSED,,,
2026-04-02 16:00:00,NCAA Regional '26 @ ASU: Second Round #1,Virtius,uRGgiTHKkw,https://virti.us/session?s=uRGgiTHKkw,WAG,NOT_PROCESSED,,,
2026-04-02 17:00:00,NCAA Regional '26 @ Oregon State: SJSU vs UW,Virtius,q6ZQMmZ1-v,https://virti.us/session?s=q6ZQMmZ1-v,WAG,NOT_PROCESSED,,,
2026-04-02 20:00:00,NCAA Regional '26 @ LSU: Second Round #2,Virtius,zb45zMSdyR,https://virti.us/session?s=zb45zMSdyR,WAG,NOT_PROCESSED,,,
2026-04-02 22:00:00,NCAA Regional '26 @ ASU: Second Round #2,Virtius,0V35w_ZRiG,https://virti.us/session?s=0V35w_ZRiG,WAG,NOT_PROCESSED,,,
2026-04-03 13:00:00,NCAA Regional '26 @ Kentucky: Second Round #1,Virtius,-yOiSzDV0T,https://virti.us/session?s=-yOiSzDV0T,WAG,NOT_PROCESSED,,,
2026-04-03 16:00:00,NCAA Regional '26 @ Oregon State: Second Round #1,Virtius,BCCtPHU0sK,https://virti.us/session?s=BCCtPHU0sK,WAG,NOT_PROCESSED,,,
2026-04-03 19:00:00,NCAA Regional '26 @ Kentucky: Second Round #2,Virtius,NeFY2MLCKQ,https://virti.us/session?s=NeFY2MLCKQ,WAG,NOT_PROCESSED,,,
2026-04-03 20:00:00,Big Ten Championships '26 @ Nebraska: Team Finals,Virtius,RFPaUMObrk,https://virti.us/session?s=RFPaUMObrk,MAG,NOT_PROCESSED,,,
2026-04-03 22:00:00,NCAA Regional '26 @ Oregon State: Second Round #2,Virtius,kAxFuxrCrO,https://virti.us/session?s=kAxFuxrCrO,WAG,NOT_PROCESSED,,,
2026-04-04 13:00:00,ECAC Championships '26,Virtius,3mwftyC216,https://virti.us/session?s=3mwftyC216,MAG,NOT_PROCESSED,,,
2026-04-04 18:00:00,NCAA Regional '26 @ LSU: Final,Virtius,LJevA_TmY6,https://virti.us/session?s=LJevA_TmY6,WAG,NOT_PROCESSED,,,
2026-04-04 19:00:00,MPSF Championships 2026,Virtius,nQ1Sxn-8jP,https://virti.us/session?s=nQ1Sxn-8jP,MAG,NOT_PROCESSED,,,
2026-04-04 20:00:00,NCAA Regional '26 @ Arizona State: Final,Virtius,Hv9bKIh1xf,https://virti.us/session?s=Hv9bKIh1xf,WAG,NOT_PROCESSED,,,
2026-04-04 20:00:00,Big Ten Championships '26 @ Nebraska: Event Finals,Virtius,_gu8nKF18O,https://virti.us/session?s=_gu8nKF18O,MAG,NOT_PROCESSED,,,
2026-04-05 17:00:00,NCAA Regional '26 @ Kentucky: Final,Virtius,tBd8CrXBoV,https://virti.us/session?s=tBd8CrXBoV,WAG,NOT_PROCESSED,,,
2026-04-05 20:00:00,NCAA Regional '26 @ Oregon State: Final,Virtius,5x98j5g2VO,https://virti.us/session?s=5x98j5g2VO,WAG,NOT_PROCESSED,,,
2026-04-01 17:00:00,NCAA Regional '26 @ Arizona State: ASU vs Arizona,Virtius,bN1HhLEV2x,https://virti.us/session?s=bN1HhLEV2x,WAG,NOT_PROCESSED,,,
2026-04-01 15:00:00,NCAA Regional '26 @ LSU: Air Force vs Nebraska,Virtius,sd_3PUC_AG,https://virti.us/session?s=sd_3PUC_AG,WAG,NOT_PROCESSED,,,
2026-03-29 13:00:00,WCGNIC '26: Session #4 Event Finals,Virtius,PRKNZshVOj,https://virti.us/session?s=PRKNZshVOj,WAG,NOT_PROCESSED,,,
2026-03-28 19:00:00,WCGNIC '26: Session #3 Finals,Virtius,JUU5il2HP2,https://virti.us/session?s=JUU5il2HP2,WAG,NOT_PROCESSED,,,
2026-03-27 19:00:00,WCGNIC '26: Session #2 Semifinals,Virtius,1kb-loVT67,https://virti.us/session?s=1kb-loVT67,WAG,NOT_PROCESSED,,,
2026-03-27 14:00:00,WCGNIC '26: Session #1 Semifinals,Virtius,odc8x_O3gz,https://virti.us/session?s=odc8x_O3gz,WAG,NOT_PROCESSED,,,
2026-03-22 15:00:00,Penn State vs Ohio State,Virtius,c27aOjFALJ,https://virti.us/session?s=c27aOjFALJ,MAG,NOT_PROCESSED,,,
2026-03-22 14:00:00,Michigan vs Nebraska,Virtius,BETNOQhMV5,https://virti.us/session?s=BETNOQhMV5,MAG,NOT_PROCESSED,,,
2026-03-21 22:00:00,California vs Oklahoma,Virtius,sJ3UJjy6mj,https://virti.us/session?s=sJ3UJjy6mj,MAG,NOT_PROCESSED,,,
2026-03-21 20:00:00,MPSF Championship 2026,Virtius,pXigqPjAcN,https://virti.us/session?s=pXigqPjAcN,WAG,NOT_PROCESSED,,,
2026-03-21 20:00:00,Mountain West Championship 2026,Virtius,NkrJ3Mrpeq,https://virti.us/session?s=NkrJ3Mrpeq,WAG,NOT_PROCESSED,,,
2026-03-21 20:00:00,SEC Championship 2026 Session #2,Virtius,ehuT37YgcP,https://virti.us/session?s=ehuT37YgcP,WAG,NOT_PROCESSED,,,
2026-03-21 19:00:00,ACC Championship 2026 Session #2,Virtius,BVN2I6PA8r,https://virti.us/session?s=BVN2I6PA8r,WAG,NOT_PROCESSED,,,
2026-03-21 19:00:00,Big 12 Championship 2026 Session #2,Virtius,0L_12Cw45Q,https://virti.us/session?s=0L_12Cw45Q,WAG,NOT_PROCESSED,,,
2026-03-21 17:00:00,GEC Championship 2026 Session #2,Virtius,jxabfw60Ud,https://virti.us/session?s=jxabfw60Ud,WAG,NOT_PROCESSED,,,
2026-03-21 15:00:00,SEC Championship 2026 Session #1,Virtius,I6uRyuMJx3,https://virti.us/session?s=I6uRyuMJx3,WAG,NOT_PROCESSED,,,
2026-03-21 14:30:00,ACC Championship 2026 Session #1,Virtius,m44-xiwSX7,https://virti.us/session?s=m44-xiwSX7,WAG,NOT_PROCESSED,,,
2026-03-21 14:00:00,MAC Championships 2026,Virtius,OJtF2Kpw94,https://virti.us/session?s=OJtF2Kpw94,WAG,NOT_PROCESSED,,,
2026-03-21 14:00:00,Big 12 Championship 2026 Session #1,Virtius,WL5gII4VIz,https://virti.us/session?s=WL5gII4VIz,WAG,NOT_PROCESSED,,,
2026-03-21 14:00:00,USAGCC '26 (Event Finals),Virtius,Qc_OOMpm17,https://virti.us/session?s=Qc_OOMpm17,MAG,NOT_PROCESSED,,,
2026-03-21 12:00:00,GEC Championship 2026 Session #1,Virtius,oejfZzEIJx,https://virti.us/session?s=oejfZzEIJx,WAG,NOT_PROCESSED,,,
2026-03-20 19:00:00,MIC Championship 2026,Virtius,bkWSTM_o1r,https://virti.us/session?s=bkWSTM_o1r,WAG,NOT_PROCESSED,,,
2026-03-20 16:00:00,USAGCC '26 (Team & AA),Virtius,3OvqIdgqRF,https://virti.us/session?s=3OvqIdgqRF,MAG,NOT_PROCESSED,,,
2026-03-20 14:00:00,NCGA Championship 2026,Virtius,YGZYMRqzph,https://virti.us/session?s=YGZYMRqzph,WAG,NOT_PROCESSED,,,
2026-03-15 17:00:00,Arizona State / Utah State / SEMO,Virtius,qaIu9ZOkAZ,https://virti.us/session?s=qaIu9ZOkAZ,WAG,NOT_PROCESSED,,,
2026-03-15 17:00:00,Stanford vs Boise State,Virtius,x1e_Alp7AQ,https://virti.us/session?s=x1e_Alp7AQ,WAG,NOT_PROCESSED,,,
2026-03-15 17:00:00,California / Penn / UC Davis / Washington,Virtius,Pw0KO5RecM,https://virti.us/session?s=Pw0KO5RecM,WAG,NOT_PROCESSED,,,
2026-03-15 15:00:00,Minnesota / Illinois / Iowa / NIU,Virtius,ooimYI6H54,https://virti.us/session?s=ooimYI6H54,WAG,NOT_PROCESSED,,,
2026-03-15 14:00:00,Bridgeport / SCSU / Yale,Virtius,qs7UHFKiJa,https://virti.us/session?s=qs7UHFKiJa,WAG,NOT_PROCESSED,,,
2026-03-15 14:00:00,Pitt / Illinois State / WVU,Virtius,URR-86EdLZ,https://virti.us/session?s=URR-86EdLZ,WAG,NOT_PROCESSED,,,
2026-03-15 14:00:00,Michigan State vs Brown,Virtius,Fju_qn_8ov,https://virti.us/session?s=Fju_qn_8ov,WAG,NOT_PROCESSED,,,
2026-03-15 13:30:00,Bowling Green vs Centenary,Virtius,mNKvR6JW7Q,https://virti.us/session?s=mNKvR6JW7Q,WAG,NOT_PROCESSED,,,
2026-03-15 13:00:00,GW / Temple / Maryland / Towson,Virtius,L1IE_b--x3,https://virti.us/session?s=L1IE_b--x3,WAG,NOT_PROCESSED,,,
2026-03-15 13:00:00,Kent State vs Eastern Michigan,Virtius,YvPI_0Oysg,https://virti.us/session?s=YvPI_0Oysg,WAG,NOT_PROCESSED,,,
2026-03-14 22:30:00,UCLA vs Utah,Virtius,RrkpEFzuvQ,https://virti.us/session?s=RrkpEFzuvQ,WAG,NOT_PROCESSED,,,
2026-03-14 20:00:00,Air Force vs Fisk,Virtius,k8DU4lJgqf,https://virti.us/session?s=k8DU4lJgqf,WAG,NOT_PROCESSED,,,
2026-03-14 19:00:00,Stanford Senior Night Quad,Virtius,Q529aBRrrb,https://virti.us/session?s=Q529aBRrrb,MAG,NOT_PROCESSED,,,
2026-03-14 17:00:00,Oregon State vs Denver,Virtius,Mqp-0OOoOq,https://virti.us/session?s=Mqp-0OOoOq,WAG,NOT_PROCESSED,,,
2026-03-14 17:00:00,Nebraska vs Illinois,Virtius,bJ3YQOOzkF,https://virti.us/session?s=bJ3YQOOzkF,MAG,NOT_PROCESSED,,,
2026-03-14 14:00:00,William & Mary vs Alaska,Virtius,lxsR81DoG5,https://virti.us/session?s=lxsR81DoG5,WAG,NOT_PROCESSED,,,
2026-03-14 14:00:00,William & Mary vs Simpson,Virtius,5skDJw5RAK,https://virti.us/session?s=5skDJw5RAK,MAG,NOT_PROCESSED,,,
2026-03-14 13:00:00,Springfield / Temple / Navy,Virtius,tvarqrCUQj,https://virti.us/session?s=tvarqrCUQj,MAG,NOT_PROCESSED,,,
2026-03-14 11:00:00,West Chester vs Cornell,Virtius,RaF9vQELpW,https://virti.us/session?s=RaF9vQELpW,WAG,NOT_PROCESSED,,,
2026-03-13 22:30:00,California / San Jose State / Stanford,Virtius,b3rm9Pem6F,https://virti.us/session?s=b3rm9Pem6F,WAG,NOT_PROCESSED,,,
2026-03-13 21:30:00,Washington vs Sac State,Virtius,Xx5K7vTA79,https://virti.us/session?s=Xx5K7vTA79,WAG,NOT_PROCESSED,,,
2026-03-13 21:00:00,Arizona / TWU / Ohio State / SEMO,Virtius,H6LCC9pDsG,https://virti.us/session?s=H6LCC9pDsG,WAG,NOT_PROCESSED,,,
2026-03-13 20:30:00,LSU vs Arkansas,Virtius,tUaf8gfgTb,https://virti.us/session?s=tUaf8gfgTb,WAG,NOT_PROCESSED,,,
2026-03-13 20:00:00,Boise State vs Southern Utah,Virtius,pT8SEdIE1t,https://virti.us/session?s=pT8SEdIE1t,WAG,NOT_PROCESSED,,,
2026-03-13 20:00:00,Auburn vs Missouri,Virtius,aNICtKEKgL,https://virti.us/session?s=aNICtKEKgL,WAG,NOT_PROCESSED,,,
2026-03-13 19:30:00,Alabama vs Georgia,Virtius,IUUm0fIyfS,https://virti.us/session?s=IUUm0fIyfS,WAG,NOT_PROCESSED,,,
2026-03-13 19:00:00,UNC / Nebraska / Penn State,Virtius,QYG4A-rPsU,https://virti.us/session?s=QYG4A-rPsU,WAG,NOT_PROCESSED,,,
2026-03-13 19:00:00,Rutgers / Western Michigan / UNH / LIU,Virtius,D8CHeQ9UMr,https://virti.us/session?s=D8CHeQ9UMr,WAG,NOT_PROCESSED,,,
2026-03-13 19:00:00,Kentucky vs Florida,Virtius,lAKDlXEzgu,https://virti.us/session?s=lAKDlXEzgu,WAG,NOT_PROCESSED,,,
2026-03-13 18:45:00,Michigan / Oklahoma / Eastern Michigan,Virtius,TD07p3iTBt,https://virti.us/session?s=TD07p3iTBt,WAG,NOT_PROCESSED,,,
2026-03-13 18:00:00,Clemson vs BYU,Virtius,Xh8RMWKfYU,https://virti.us/session?s=Xh8RMWKfYU,WAG,NOT_PROCESSED,,,
2026-03-13 18:00:00,CMU vs Ball State,Virtius,QY4e1Z2xyW,https://virti.us/session?s=QY4e1Z2xyW,WAG,NOT_PROCESSED,,,
2026-03-13 18:00:00,NC State vs WVU,Virtius,eqlxEmoKCZ,https://virti.us/session?s=eqlxEmoKCZ,WAG,NOT_PROCESSED,,,
2026-03-13 17:00:00,Greenville vs Centenary,Virtius,YLCerqVflZ,https://virti.us/session?s=YLCerqVflZ,WAG,NOT_PROCESSED,,,
2026-03-12 18:30:00,William & Mary vs Alaska,Virtius,W4mEcGUbqn,https://virti.us/session?s=W4mEcGUbqn,WAG,NOT_PROCESSED,,,
2026-03-09 19:45:00,Denver vs Air Force,Virtius,4f57LlizDy,https://virti.us/session?s=4f57LlizDy,WAG,NOT_PROCESSED,,,
2026-03-08 17:45:00,Florida vs LSU,Virtius,uk1Y2G_Tkw,https://virti.us/session?s=uk1Y2G_Tkw,WAG,NOT_PROCESSED,,,
2026-03-08 17:00:00,UC Davis vs Sac State,Virtius,BUIo3lqLMV,https://virti.us/session?s=BUIo3lqLMV,WAG,NOT_PROCESSED,,,
2026-03-08 14:45:00,Oklahoma vs TWU,Virtius,YjNMXsjWT7,https://virti.us/session?s=YjNMXsjWT7,WAG,NOT_PROCESSED,,,
2026-03-08 14:00:00,Brown / Bridgeport / LIU / SCSU,Virtius,G8OxcKk92U,https://virti.us/session?s=G8OxcKk92U,WAG,NOT_PROCESSED,,,
2026-03-08 14:00:00,Isla HBCU Classic 2026,Virtius,IAfP_V-PJY,https://virti.us/session?s=IAfP_V-PJY,WAG,NOT_PROCESSED,,,
2026-03-08 13:00:00,UNH / Bowling Green / GW,Virtius,16Rc-7yEMe,https://virti.us/session?s=16Rc-7yEMe,WAG,NOT_PROCESSED,,,
2026-03-07 19:00:00,California vs Boise State,Virtius,u-hE9z3HCD,https://virti.us/session?s=u-hE9z3HCD,WAG,NOT_PROCESSED,,,
2026-03-07 19:00:00,Maryland / Temple / Ball State / Cornell,Virtius,PaLR8-h_6w,https://virti.us/session?s=PaLR8-h_6w,WAG,NOT_PROCESSED,,,
2026-03-07 19:00:00,WIAC Championship 2026 - Session #2,Virtius,HoQuHIV-Iq,https://virti.us/session?s=HoQuHIV-Iq,WAG,NOT_PROCESSED,,,
2026-03-07 19:00:00,Oklahoma vs California,Virtius,4JqjD6NmQl,https://virti.us/session?s=4JqjD6NmQl,MAG,NOT_PROCESSED,,,
2026-03-07 18:00:00,Pink Invitational 2026,Virtius,11M-Sufasy,https://virti.us/session?s=11M-Sufasy,WAG,NOT_PROCESSED,,,
2026-03-07 17:00:00,Stanford vs UCLA,Virtius,N9DghGCiZu,https://virti.us/session?s=N9DghGCiZu,WAG,NOT_PROCESSED,,,
2026-03-07 17:00:00,Utah / WVU / BYU,Virtius,witaXQooTN,https://virti.us/session?s=witaXQooTN,WAG,NOT_PROCESSED,,,
2026-03-07 17:00:00,Simpson / Greenville / Nebraska,Virtius,OoFdUjKhou,https://virti.us/session?s=OoFdUjKhou,MAG,NOT_PROCESSED,,,
2026-03-07 14:00:00,William & Mary vs Navy,Virtius,huQlnZECdm,https://virti.us/session?s=huQlnZECdm,MAG,NOT_PROCESSED,,,
2026-03-07 13:30:00,WIAC Championship 2026 - Session #1,Virtius,ZO1RSbA8he,https://virti.us/session?s=ZO1RSbA8he,WAG,NOT_PROCESSED,,,
2026-03-07 13:00:00,NCGA East Regional '26,Virtius,SelXXbkHvu,https://virti.us/session?s=SelXXbkHvu,WAG,NOT_PROCESSED,,,
2026-03-07 13:00:00,Michigan vs Penn State,Virtius,2vqOza8C-n,https://virti.us/session?s=2vqOza8C-n,MAG,NOT_PROCESSED,,,
2026-03-07 13:00:00,Army / Greenville / Springfield,Virtius,l2puY2D3BJ,https://virti.us/session?s=l2puY2D3BJ,MAG,NOT_PROCESSED,,,
2026-03-06 21:00:00,Air Force / San Jose State / Denver,Virtius,lMTBOddrop,https://virti.us/session?s=lMTBOddrop,WAG,NOT_PROCESSED,,,
2026-03-06 20:30:00,Southern Utah vs Washington,Virtius,mcT0dptxdx,https://virti.us/session?s=mcT0dptxdx,WAG,NOT_PROCESSED,,,
2026-03-06 20:15:00,Arkansas vs Oklahoma,Virtius,Ebwpf5zOez,https://virti.us/session?s=Ebwpf5zOez,WAG,NOT_PROCESSED,,,
2026-03-06 20:00:00,Auburn vs Michigan State,Virtius,OrGxmQQAz7,https://virti.us/session?s=OrGxmQQAz7,WAG,NOT_PROCESSED,,,
2026-03-06 20:00:00,Arizona vs Arizona State,Virtius,N2eouBg96T,https://virti.us/session?s=N2eouBg96T,WAG,NOT_PROCESSED,,,
2026-03-06 20:00:00,TWU vs Nebraska,Virtius,MFfJjYpRdT,https://virti.us/session?s=MFfJjYpRdT,WAG,NOT_PROCESSED,,,
2026-03-06 19:30:00,Alabama vs Kentucky,Virtius,jyCHbLEwbI,https://virti.us/session?s=jyCHbLEwbI,WAG,NOT_PROCESSED,,,
2026-03-06 19:00:00,Centenary / Wilberforce / Fisk,Virtius,x2tUQZ1P8q,https://virti.us/session?s=x2tUQZ1P8q,WAG,NOT_PROCESSED,,,
2026-03-06 19:00:00,Georgia vs Missouri,Virtius,kqfoXXSKUB,https://virti.us/session?s=kqfoXXSKUB,WAG,NOT_PROCESSED,,,
2026-03-06 18:45:00,UNC vs Minnesota,Virtius,a3qMFqrJXc,https://virti.us/session?s=a3qMFqrJXc,WAG,NOT_PROCESSED,,,
2026-03-06 18:45:00,Michigan vs Clemson,Virtius,v3-h7s_0V6,https://virti.us/session?s=v3-h7s_0V6,WAG,NOT_PROCESSED,,,
2026-03-05 17:00:00,Temple / Maryland / Towson / Penn,Virtius,1IwBE6EQT7,https://virti.us/session?s=1IwBE6EQT7,WAG,NOT_PROCESSED,,,
2026-02-22 14:00:00,UNH vs SCSU,Virtius,1Hwvf4RcmD,https://virti.us/session?s=1Hwvf4RcmD,WAG,NOT_PROCESSED,,,
2026-03-02 20:30:00,Southern Utah vs Utah State,Virtius,6lAejgUK1O,https://virti.us/session?s=6lAejgUK1O,WAG,NOT_PROCESSED,,,
2026-03-01 17:00:00,SJSU / Boise State / ASU / Sac State,Virtius,2gmfmzzXnD,https://virti.us/session?s=2gmfmzzXnD,WAG,NOT_PROCESSED,,,
2026-03-01 16:00:00,Big 4 Meet @ Minnesota,Virtius,UgaSXGCcMl,https://virti.us/session?s=UgaSXGCcMl,WAG,NOT_PROCESSED,,,
2026-03-01 15:45:00,Denver vs Utah,Virtius,A3-0L0BRC6,https://virti.us/session?s=A3-0L0BRC6,WAG,NOT_PROCESSED,,,
2026-03-01 14:00:00,Brown vs Cortland,Virtius,qSy0PUhjdU,https://virti.us/session?s=qSy0PUhjdU,WAG,NOT_PROCESSED,,,
2026-03-01 14:00:00,Missouri vs Arkansas,Virtius,EWgMgesmq2,https://virti.us/session?s=EWgMgesmq2,WAG,NOT_PROCESSED,,,
2026-03-01 13:00:00,Cornell vs SCSU,Virtius,9oBHfJ3P6U,https://virti.us/session?s=9oBHfJ3P6U,WAG,NOT_PROCESSED,,,
2026-03-01 13:00:00,Utica / Springfield / RIC / Ithaca,Virtius,nddrxoLVJF,https://virti.us/session?s=nddrxoLVJF,WAG,NOT_PROCESSED,,,
2026-03-01 13:00:00,Kent State vs Bowling Green,Virtius,WyMrcXUvyo,https://virti.us/session?s=WyMrcXUvyo,WAG,NOT_PROCESSED,,,
2026-03-01 13:00:00,Penn State vs Springfield,Virtius,YtXeoVI5X7,https://virti.us/session?s=YtXeoVI5X7,MAG,NOT_PROCESSED,,,
2026-02-28 19:00:00,Oklahoma vs Nebraska,Virtius,Ffic-Xuqpq,https://virti.us/session?s=Ffic-Xuqpq,MAG,NOT_PROCESSED,,,
2026-02-28 19:00:00,Stanford International Collegiate '26,Virtius,zXgUOkJuM_,https://virti.us/session?s=zXgUOkJuM_,MAG,NOT_PROCESSED,,,
2026-02-28 18:00:00,B1G 4 Meet @ Penn State,Virtius,waBQt55a3S,https://virti.us/session?s=waBQt55a3S,WAG,NOT_PROCESSED,,,
2026-02-28 18:00:00,Air Force vs Mavericks,Virtius,oxO5wrSqhm,https://virti.us/session?s=oxO5wrSqhm,MAG,NOT_PROCESSED,,,
2026-02-28 17:00:00,UW-Whitewater vs Hamline,Virtius,wMv3ULBTd0,https://virti.us/session?s=wMv3ULBTd0,WAG,NOT_PROCESSED,,,
2026-02-28 13:00:00,West Chester vs Bridgeport,Virtius,p-hb5GT19l,https://virti.us/session?s=p-hb5GT19l,WAG,NOT_PROCESSED,,,
2026-02-28 12:00:00,Brockport vs Greenville,Virtius,francsJhDW,https://virti.us/session?s=francsJhDW,WAG,NOT_PROCESSED,,,
2026-02-27 22:00:00,Oregon State vs Stanford,Virtius,jfCXCKej2P,https://virti.us/session?s=jfCXCKej2P,WAG,NOT_PROCESSED,,,
2026-02-27 22:00:00,Big Four Meet @ UCLA,Virtius,XTmNt6nTmj,https://virti.us/session?s=XTmNt6nTmj,WAG,NOT_PROCESSED,,,
2026-02-27 21:30:00,LSU vs Alabama,Virtius,AVnfA4eZ9s,https://virti.us/session?s=AVnfA4eZ9s,WAG,NOT_PROCESSED,,,
2026-02-27 20:30:00,Southern Utah vs UC Davis,Virtius,t1cMABfyvA,https://virti.us/session?s=t1cMABfyvA,WAG,NOT_PROCESSED,,,
2026-02-27 20:00:00,TWU / Florida / Arizona State / Fisk,Virtius,81i9ZkWi9w,https://virti.us/session?s=81i9ZkWi9w,WAG,NOT_PROCESSED,,,
2026-02-27 19:30:00,Oklahoma vs Auburn,Virtius,5g6bBeMjBv,https://virti.us/session?s=5g6bBeMjBv,WAG,NOT_PROCESSED,,,
2026-02-27 19:00:00,UWL / UW-Eau Claire / Winona State,Virtius,UbNSwP_Ygr,https://virti.us/session?s=UbNSwP_Ygr,WAG,NOT_PROCESSED,,,
2026-02-27 19:00:00,Gustavus vs Simpson,Virtius,ACNByXMa71,https://virti.us/session?s=ACNByXMa71,WAG,NOT_PROCESSED,,,
2026-02-27 19:00:00,NC State / UNH / GW / Yale,Virtius,8PxdqdjcEc,https://virti.us/session?s=8PxdqdjcEc,WAG,NOT_PROCESSED,,,
2026-02-27 19:00:00,WVU vs BYU,Virtius,2hlulKJXIl,https://virti.us/session?s=2hlulKJXIl,WAG,NOT_PROCESSED,,,
2026-02-27 19:00:00,Pitt / Temple / Towson / Ball State,Virtius,sIzyb-QWSL,https://virti.us/session?s=sIzyb-QWSL,WAG,NOT_PROCESSED,,,
2026-02-27 19:00:00,NIU vs CMU,Virtius,1D102SPhCb,https://virti.us/session?s=1D102SPhCb,WAG,NOT_PROCESSED,,,
2026-02-27 19:00:00,UW-Oshkosh vs UW-Stout,Virtius,2i7iFaJQjl,https://virti.us/session?s=2i7iFaJQjl,WAG,NOT_PROCESSED,,,
2026-02-27 18:00:00,EMU / WMU / Illinois State,Virtius,mxpqfxAHZm,https://virti.us/session?s=mxpqfxAHZm,WAG,NOT_PROCESSED,,,
2026-02-27 18:00:00,Kentucky vs Georgia,Virtius,gULq4geJ6h,https://virti.us/session?s=gULq4geJ6h,WAG,NOT_PROCESSED,,,
2026-02-23 19:00:00,Illinois State vs NIU,Virtius,FnZlXexPyk,https://virti.us/session?s=FnZlXexPyk,WAG,NOT_PROCESSED,,,
2026-02-22 17:00:00,San Jose State / Air Force / UC Davis,Virtius,ff5uNNRP_U,https://virti.us/session?s=ff5uNNRP_U,WAG,NOT_PROCESSED,,,
2026-02-22 15:00:00,TWU / Oregon State / Kent State / Arizona State,Virtius,kh4N3TlFPm,https://virti.us/session?s=kh4N3TlFPm,WAG,NOT_PROCESSED,,,
2026-02-22 14:00:00,Bowling Green vs CMU,Virtius,YXu4e8AISF,https://virti.us/session?s=YXu4e8AISF,WAG,NOT_PROCESSED,,,
2026-02-22 14:00:00,Brockport vs Utica,Virtius,3bXX8dhkzn,https://virti.us/session?s=3bXX8dhkzn,WAG,NOT_PROCESSED,,,
2026-02-22 13:00:00,GW / Towson / Eastern Michigan / Fisk,Virtius,rZ5k_ecJZU,https://virti.us/session?s=rZ5k_ecJZU,WAG,NOT_PROCESSED,,,
2026-02-22 12:00:00,Ivy Classic @ Yale,Virtius,lbjE9xJVDc,https://virti.us/session?s=lbjE9xJVDc,WAG,NOT_PROCESSED,,,
2026-02-22 11:00:00,Ursinus vs West Chester,Virtius,baURDCCzWJ,https://virti.us/session?s=baURDCCzWJ,WAG,NOT_PROCESSED,,,
2026-02-21 18:00:00,Michigan State vs Ohio State,Virtius,WztAzd5uB8,https://virti.us/session?s=WztAzd5uB8,WAG,NOT_PROCESSED,,,
2026-02-21 16:00:00,Arizona vs WVU,Virtius,Vcw8VriAW1,https://virti.us/session?s=Vcw8VriAW1,WAG,NOT_PROCESSED,,,
2026-02-21 16:00:00,NC State vs Stanford,Virtius,-6n24N7GB9,https://virti.us/session?s=-6n24N7GB9,WAG,NOT_PROCESSED,,,
2026-02-21 15:45:00,Michigan vs Rutgers,Virtius,MzpQK4MOR-,https://virti.us/session?s=MzpQK4MOR-,WAG,NOT_PROCESSED,,,
2026-02-21 13:00:00,Cortland / Ithaca / Springfield / Utica,Virtius,x0SCnefHVy,https://virti.us/session?s=x0SCnefHVy,WAG,NOT_PROCESSED,,,
2026-02-21 13:00:00,Simpson vs Army,Virtius,ATjW8OwEpn,https://virti.us/session?s=ATjW8OwEpn,MAG,NOT_PROCESSED,,,
2026-02-20 22:30:00,California vs UNC,Virtius,Gy1UoEUV_S,https://virti.us/session?s=Gy1UoEUV_S,WAG,NOT_PROCESSED,,,
2026-02-20 22:00:00,UC Davis vs William & Mary,Virtius,6Z_LRb0sXv,https://virti.us/session?s=6Z_LRb0sXv,WAG,NOT_PROCESSED,,,
2026-02-20 21:30:00,Washington vs Minnesota,Virtius,lPKr-NSRXt,https://virti.us/session?s=lPKr-NSRXt,WAG,NOT_PROCESSED,,,
2026-02-20 21:00:00,Utah vs Southern Utah,Virtius,ndi_E3zXZf,https://virti.us/session?s=ndi_E3zXZf,WAG,NOT_PROCESSED,,,
2026-02-20 21:00:00,BYU vs Denver,Virtius,LT-t1hW71-,https://virti.us/session?s=LT-t1hW71-,WAG,NOT_PROCESSED,,,
2026-02-20 20:45:00,Auburn vs Alabama,Virtius,Uq0-Su50HQ,https://virti.us/session?s=Uq0-Su50HQ,WAG,NOT_PROCESSED,,,
2026-02-20 20:45:00,Oklahoma vs LSU,Virtius,wgRDf2c3-1,https://virti.us/session?s=wgRDf2c3-1,WAG,NOT_PROCESSED,,,
2026-02-20 20:15:00,Arkansas vs Kentucky,Virtius,ei1d-Sqdki,https://virti.us/session?s=ei1d-Sqdki,WAG,NOT_PROCESSED,,,
2026-02-20 20:00:00,NIU / SEMO / Wilberforce,Virtius,4NO-KJs_U4,https://virti.us/session?s=4NO-KJs_U4,WAG,NOT_PROCESSED,,,
2026-02-20 19:30:00,Hamline vs Winona State,Virtius,_NbJrvpWdg,https://virti.us/session?s=_NbJrvpWdg,WAG,NOT_PROCESSED,,,
2026-02-20 19:00:00,Missouri / Illinois / Ball State / Air Force,Virtius,bzV6T1KGXo,https://virti.us/session?s=bzV6T1KGXo,WAG,NOT_PROCESSED,,,
2026-02-20 19:00:00,Maryland vs Nebraska,Virtius,KobWYz9FSj,https://virti.us/session?s=KobWYz9FSj,WAG,NOT_PROCESSED,,,
2026-02-20 19:00:00,UW-Stout / Simpson / Gustavus,Virtius,d2UEgFlOH-,https://virti.us/session?s=d2UEgFlOH-,WAG,NOT_PROCESSED,,,
2026-02-20 19:00:00,Georgia vs Florida,Virtius,OpBSXtdEKu,https://virti.us/session?s=OpBSXtdEKu,WAG,NOT_PROCESSED,,,
2026-02-20 19:00:00,Clemson vs Pitt,Virtius,NxvQtdFPfX,https://virti.us/session?s=NxvQtdFPfX,WAG,NOT_PROCESSED,,,
2026-02-20 19:00:00,UWL vs UW-Whitewater,Virtius,_LZsHk0zd9,https://virti.us/session?s=_LZsHk0zd9,WAG,NOT_PROCESSED,,,
2026-02-20 18:00:00,Temple vs Eastern Michigan,Virtius,oxnmPUWmbJ,https://virti.us/session?s=oxnmPUWmbJ,WAG,NOT_PROCESSED,,,
2026-02-19 19:00:00,UW-Eau Claire vs UW-Oshkosh,Virtius,T96tEUQivy,https://virti.us/session?s=T96tEUQivy,WAG,NOT_PROCESSED,,,
2026-02-15 17:00:00,San Jose State vs Utah State,Virtius,SqU2ZQMQpV,https://virti.us/session?s=SqU2ZQMQpV,WAG,NOT_PROCESSED,,,
2026-02-15 16:00:00,Pitt vs Clemson,Virtius,c-5n0HYsuI,https://virti.us/session?s=c-5n0HYsuI,WAG,NOT_PROCESSED,,,
2026-02-15 15:00:00,Nebraska vs Illinois,Virtius,I0tkVta-U8,https://virti.us/session?s=I0tkVta-U8,WAG,NOT_PROCESSED,,,
2026-02-15 14:00:00,Wilberforce / Fisk / Greenville,Virtius,Fa2IVlwh2n,https://virti.us/session?s=Fa2IVlwh2n,WAG,NOT_PROCESSED,,,
2026-02-15 14:00:00,Centenary vs TWU,Virtius,ohCuX_t7f9,https://virti.us/session?s=ohCuX_t7f9,WAG,NOT_PROCESSED,,,
2026-02-15 14:00:00,Simpson vs UW-Eau Claire,Virtius,RLHJEntgGq,https://virti.us/session?s=RLHJEntgGq,WAG,NOT_PROCESSED,,,
2026-02-15 14:00:00,Bowling Green vs NIU,Virtius,b-agB5veZQ,https://virti.us/session?s=b-agB5veZQ,WAG,NOT_PROCESSED,,,
2026-02-15 14:00:00,Penn / Towson / West Chester,Virtius,L_NC9NyZH9,https://virti.us/session?s=L_NC9NyZH9,WAG,NOT_PROCESSED,,,
2026-02-15 14:00:00,Michigan State / Maryland / Western Michigan,Virtius,FJgu6Y-fvj,https://virti.us/session?s=FJgu6Y-fvj,WAG,NOT_PROCESSED,,,
2026-02-15 13:00:00,Ball State vs Eastern Michigan,Virtius,VFjzN4-sDA,https://virti.us/session?s=VFjzN4-sDA,WAG,NOT_PROCESSED,,,
2026-02-15 13:00:00,GW / UNH / William & Mary,Virtius,eHpwdybVUI,https://virti.us/session?s=eHpwdybVUI,WAG,NOT_PROCESSED,,,
2026-02-15 13:00:00,SCSU vs Bridgeport,Virtius,SaeJV_UyoL,https://virti.us/session?s=SaeJV_UyoL,WAG,NOT_PROCESSED,,,
2026-02-14 20:45:00,Denver vs Arizona,Virtius,9mVFGPnmFw,https://virti.us/session?s=9mVFGPnmFw,WAG,NOT_PROCESSED,,,
2026-02-14 19:00:00,UCLA vs Michigan,Virtius,sRODbpKVC0,https://virti.us/session?s=sRODbpKVC0,WAG,NOT_PROCESSED,,,
2026-02-14 19:00:00,Illinois State vs SEMO,Virtius,p_RObghAwV,https://virti.us/session?s=p_RObghAwV,WAG,NOT_PROCESSED,,,
2026-02-14 18:00:00,WVU vs Arizona State,Virtius,JAMXqyuVNF,https://virti.us/session?s=JAMXqyuVNF,WAG,NOT_PROCESSED,,,
2026-02-14 17:00:00,Oregon State vs Southern Utah,Virtius,LIfEhpf1v9,https://virti.us/session?s=LIfEhpf1v9,WAG,NOT_PROCESSED,,,
2026-02-14 17:00:00,UW-Whitewater vs UW-Stout,Virtius,XB3xcUgOVc,https://virti.us/session?s=XB3xcUgOVc,WAG,NOT_PROCESSED,,,
2026-02-14 15:00:00,Nebraska / Greenville / William & Mary / Simpson,Virtius,QCUHUG-CpU,https://virti.us/session?s=QCUHUG-CpU,MAG,NOT_PROCESSED,,,
2026-02-14 14:00:00,Rutgers vs Iowa,Virtius,yx5JaF6pRu,https://virti.us/session?s=yx5JaF6pRu,WAG,NOT_PROCESSED,,,
2026-02-14 14:00:00,Empire State Collegiate Championship '26,Virtius,ECfuS40Qj9,https://virti.us/session?s=ECfuS40Qj9,WAG,NOT_PROCESSED,,,
2026-02-14 14:00:00,Penn State vs Minnesota,Virtius,01P3byhc6h,https://virti.us/session?s=01P3byhc6h,WAG,NOT_PROCESSED,,,
2026-02-14 12:00:00,RIC vs Springfield,Virtius,lcEGb_i42Y,https://virti.us/session?s=lcEGb_i42Y,WAG,NOT_PROCESSED,,,
2026-02-14 12:00:00,Michigan / Springfield / Arizona State,Virtius,lDbBdwTkDW,https://virti.us/session?s=lDbBdwTkDW,MAG,NOT_PROCESSED,,,
2026-02-13 21:00:00,Utah vs BYU,Virtius,ih5XFSatoU,https://virti.us/session?s=ih5XFSatoU,WAG,NOT_PROCESSED,,,
2026-02-13 20:45:00,LSU vs Auburn,Virtius,J7gHSsh5x-,https://virti.us/session?s=J7gHSsh5x-,WAG,NOT_PROCESSED,,,
2026-02-13 19:30:00,Alabama vs Arkansas,Virtius,haxR1eyXOS,https://virti.us/session?s=haxR1eyXOS,WAG,NOT_PROCESSED,,,
2026-02-13 19:00:00,Winona State vs UW-Oshkosh,Virtius,gghkBvotT9,https://virti.us/session?s=gghkBvotT9,WAG,NOT_PROCESSED,,,
2026-02-13 19:00:00,Gustavus vs UWL,Virtius,PHX2EAekQm,https://virti.us/session?s=PHX2EAekQm,WAG,NOT_PROCESSED,,,
2026-02-13 19:00:00,West Chester / Ursinus / Towson,Virtius,8JmESPyZkx,https://virti.us/session?s=8JmESPyZkx,WAG,NOT_PROCESSED,,,
2026-02-13 19:00:00,Kentucky vs Missouri,Virtius,_JObE39D3P,https://virti.us/session?s=_JObE39D3P,WAG,NOT_PROCESSED,,,
2026-02-13 18:45:00,UNC vs NC State,Virtius,flencA2-tY,https://virti.us/session?s=flencA2-tY,WAG,NOT_PROCESSED,,,
2026-02-13 18:45:00,Florida vs Oklahoma,Virtius,gLf7AdegRW,https://virti.us/session?s=gLf7AdegRW,WAG,NOT_PROCESSED,,,
2026-02-13 18:00:00,CMU vs Kent State,Virtius,deuf-IZHTL,https://virti.us/session?s=deuf-IZHTL,WAG,NOT_PROCESSED,,,
2026-02-13 18:00:00,Temple / William & Mary / Yale / Brown,Virtius,sc3Va7d42-,https://virti.us/session?s=sc3Va7d42-,WAG,NOT_PROCESSED,,,
2026-02-11 18:30:00,Ithaca vs Cortland,Virtius,Y0IepL2PFZ,https://virti.us/session?s=Y0IepL2PFZ,WAG,NOT_PROCESSED,,,
2026-02-08 16:00:00,NC State vs UNC,Virtius,m7Xxpp0zAs,https://virti.us/session?s=m7Xxpp0zAs,WAG,NOT_PROCESSED,,,
2026-02-08 14:00:00,Bowling Green / Wilberforce / Fisk,Virtius,MEIVM4lZPT,https://virti.us/session?s=MEIVM4lZPT,WAG,NOT_PROCESSED,,,
2026-02-08 14:00:00,Ithaca / Cortland / Brockport,Virtius,gYfEMgTDsw,https://virti.us/session?s=gYfEMgTDsw,WAG,NOT_PROCESSED,,,
2026-02-08 14:00:00,UNH vs Temple,Virtius,A3r-YlelnP,https://virti.us/session?s=A3r-YlelnP,WAG,NOT_PROCESSED,,,
2026-02-08 14:00:00,Penn State vs Michigan State,Virtius,sLrDaLzAks,https://virti.us/session?s=sLrDaLzAks,WAG,NOT_PROCESSED,,,
2026-02-08 13:00:00,Utica vs Ursinus,Virtius,sTYBXd1k_9,https://virti.us/session?s=sTYBXd1k_9,WAG,NOT_PROCESSED,,,
2026-02-08 13:00:00,Springfield / RIC / Brown,Virtius,MS4le1VZ5I,https://virti.us/session?s=MS4le1VZ5I,WAG,NOT_PROCESSED,,,
2026-02-08 13:00:00,Eastern Michigan vs CMU,Virtius,Y57w-ypYT9,https://virti.us/session?s=Y57w-ypYT9,WAG,NOT_PROCESSED,,,
2026-02-08 13:00:00,Ball State / Illinois State / Kent State,Virtius,pdDgQYzwKp,https://virti.us/session?s=pdDgQYzwKp,WAG,NOT_PROCESSED,,,
2026-02-07 19:00:00,Oklahoma / Air Force / Ohio State,Virtius,FSmmnXpdXc,https://virti.us/session?s=FSmmnXpdXc,MAG,NOT_PROCESSED,,,
2026-02-07 18:00:00,Washington vs Illinois,Virtius,tYkvNiEnpf,https://virti.us/session?s=tYkvNiEnpf,WAG,NOT_PROCESSED,,,
2026-02-07 18:00:00,Maryland vs Rutgers,Virtius,BixSVDdxAJ,https://virti.us/session?s=BixSVDdxAJ,WAG,NOT_PROCESSED,,,
2026-02-07 18:00:00,Clemson vs California,Virtius,Pw3hhPDw8B,https://virti.us/session?s=Pw3hhPDw8B,WAG,NOT_PROCESSED,,,
2026-02-07 17:00:00,Minnesota vs UCLA,Virtius,UK43F2OoT_,https://virti.us/session?s=UK43F2OoT_,WAG,NOT_PROCESSED,,,
2026-02-07 17:00:00,UW-Whitewater vs Winona State,Virtius,sWMXlXFjUi,https://virti.us/session?s=sWMXlXFjUi,WAG,NOT_PROCESSED,,,
2026-02-07 17:00:00,Nebraska vs Penn State,Virtius,GXktJtihde,https://virti.us/session?s=GXktJtihde,MAG,NOT_PROCESSED,,,
2026-02-07 16:00:00,Arizona State vs Denver,Virtius,4ecBVJea9t,https://virti.us/session?s=4ecBVJea9t,WAG,NOT_PROCESSED,,,
2026-02-07 14:00:00,Bridgeport vs West Chester,Virtius,xmOk1t6gee,https://virti.us/session?s=xmOk1t6gee,WAG,NOT_PROCESSED,,,
2026-02-07 14:00:00,Navy vs Army,Virtius,V-aQwNd7Pz,https://virti.us/session?s=V-aQwNd7Pz,MAG,NOT_PROCESSED,,,
2026-02-07 14:00:00,Greenville / California / Simpson,Virtius,dniGIa5XEq,https://virti.us/session?s=dniGIa5XEq,MAG,NOT_PROCESSED,,,
2026-02-07 13:00:00,Yale vs SCSU,Virtius,HJ9-Fy2pTZ,https://virti.us/session?s=HJ9-Fy2pTZ,WAG,NOT_PROCESSED,,,
2026-02-06 22:00:00,Stanford vs Pitt,Virtius,hJS0s5bH62,https://virti.us/session?s=hJS0s5bH62,WAG,NOT_PROCESSED,,,
2026-02-06 21:00:00,Missouri vs Florida,Virtius,9KIhuVEgbI,https://virti.us/session?s=9KIhuVEgbI,WAG,NOT_PROCESSED,,,
2026-02-06 21:00:00,Arizona vs Utah,Virtius,k5uUooufZn,https://virti.us/session?s=k5uUooufZn,WAG,NOT_PROCESSED,,,
2026-02-06 21:00:00,Air Force / Utah State / Alaska,Virtius,78FDHQKJ8B,https://virti.us/session?s=78FDHQKJ8B,WAG,NOT_PROCESSED,,,
2026-02-06 21:00:00,Boise State / SJSU / Oregon State / UC Davis,Virtius,EyBpS2WSAi,https://virti.us/session?s=EyBpS2WSAi,WAG,NOT_PROCESSED,,,
2026-02-06 20:30:00,LSU vs Penn State,Virtius,JSvdEUjQq7,https://virti.us/session?s=JSvdEUjQq7,WAG,NOT_PROCESSED,,,
2026-02-06 20:30:00,Southern Utah vs BYU,Virtius,OYELbVnNUw,https://virti.us/session?s=OYELbVnNUw,WAG,NOT_PROCESSED,,,
2026-02-06 20:30:00,Oklahoma vs Alabama,Virtius,md84HmnPMK,https://virti.us/session?s=md84HmnPMK,WAG,NOT_PROCESSED,,,
2026-02-06 20:00:00,Auburn vs Kentucky,Virtius,NdjYLdC_XZ,https://virti.us/session?s=NdjYLdC_XZ,WAG,NOT_PROCESSED,,,
2026-02-06 19:30:00,Hamline vs Gustavus,Virtius,IWqi6HBPU5,https://virti.us/session?s=IWqi6HBPU5,WAG,NOT_PROCESSED,,,
2026-02-06 19:00:00,UWL vs UW-Oshkosh,Virtius,s66LSgjc5W,https://virti.us/session?s=s66LSgjc5W,WAG,NOT_PROCESSED,,,
2026-02-06 19:00:00,NIU vs Western Michigan,Virtius,cFutE-PXmy,https://virti.us/session?s=cFutE-PXmy,WAG,NOT_PROCESSED,,,
2026-02-06 19:00:00,UW-Eau Claire vs UW-Stout,Virtius,sTWoOlSLUP,https://virti.us/session?s=sTWoOlSLUP,WAG,NOT_PROCESSED,,,
2026-02-06 19:00:00,Penn / Cornell / GW / William & Mary,Virtius,d62-t9HLM3,https://virti.us/session?s=d62-t9HLM3,WAG,NOT_PROCESSED,,,
2026-02-06 18:45:00,Arkansas vs Georgia,Virtius,gNCA823eMJ,https://virti.us/session?s=gNCA823eMJ,WAG,NOT_PROCESSED,,,
2026-02-06 18:00:00,Centenary vs Greenville,Virtius,lxt5AQCLIo,https://virti.us/session?s=lxt5AQCLIo,WAG,NOT_PROCESSED,,,
2026-02-01 18:00:00,Georgia vs Auburn,Virtius,0FuvyN3zLm,https://virti.us/session?s=0FuvyN3zLm,WAG,EXPORTED,20260201_V_0FuvyN3zLm_WAG_GeorgiavsAuburn.csv,,
2026-02-01 17:00:00,San Jose State / TWU / Southern Utah,Virtius,a3gct1veWh,https://virti.us/session?s=a3gct1veWh,WAG,EXPORTED,20260201_V_a3gct1veWh_WAG_SanJoseStateTWUSouthernUtah.csv,,
2026-02-01 16:45:00,Denver vs Iowa State,Virtius,vThfP6onaM,https://virti.us/session?s=vThfP6onaM,WAG,EXPORTED,20260201_V_vThfP6onaM_WAG_DenvervsIowaState.csv,,
2026-02-01 16:00:00,Winona State vs Simpson,Virtius,3Bj1yXyizu,https://virti.us/session?s=3Bj1yXyizu,WAG,EXPORTED,20260201_V_3Bj1yXyizu_WAG_WinonaStatevsSimpson.csv,,
2026-02-01 16:00:00,Pitt vs NC State,Virtius,BGiGn13X_P,https://virti.us/session?s=BGiGn13X_P,WAG,EXPORTED,20260201_V_BGiGn13X_P_WAG_PittvsNCState.csv,,
2026-02-01 15:45:00,Michigan vs Michigan State,Virtius,tApoJPWyqp,https://virti.us/session?s=tApoJPWyqp,WAG,EXPORTED,20260201_V_tApoJPWyqp_WAG_MichiganvsMichiganState.csv,,
2026-02-01 15:00:00,Oklahoma vs Greenville,Virtius,Ouk6I4aqxa,https://virti.us/session?s=Ouk6I4aqxa,MAG,EXPORTED,20260201_V_Ouk6I4aqxa_MAG_OklahomavsGreenville.csv,,
2026-02-01 14:00:00,Penn vs Bridgeport,Virtius,ZE_gji7SNE,https://virti.us/session?s=ZE_gji7SNE,WAG,EXPORTED,20260201_V_ZE_gji7SNE_WAG_PennvsBridgeport.csv,,
2026-02-01 14:00:00,NIU vs UWL,Virtius,w1wF5oYHzz,https://virti.us/session?s=w1wF5oYHzz,WAG,EXPORTED,20260201_V_w1wF5oYHzz_WAG_NIUvsUWL.csv,,
2026-02-01 14:00:00,Brown vs SCSU,Virtius,DCjuaudarq,https://virti.us/session?s=DCjuaudarq,WAG,EXPORTED,20260201_V_DCjuaudarq_WAG_BrownvsSCSU.csv,,
2026-02-01 14:00:00,SEMO / UW-Oshkosh / Ball State / Illinois State,Virtius,hoQR6v3IUn,https://virti.us/session?s=hoQR6v3IUn,WAG,EXPORTED,20260201_V_hoQR6v3IUn_WAG_SEMOUWOshkoshBallStateIllinoisState.csv,,
2026-02-01 14:00:00,Rutgers vs Penn State,Virtius,HhTaiFRe_P,https://virti.us/session?s=HhTaiFRe_P,WAG,EXPORTED,20260201_V_HhTaiFRe_P_WAG_RutgersvsPennState.csv,,
2026-02-01 13:00:00,Ithaca / RIC / Springfield,Virtius,LJllrjfQuu,https://virti.us/session?s=LJllrjfQuu,WAG,EXPORTED,20260201_V_LJllrjfQuu_WAG_IthacaRICSpringfield.csv,,
2026-02-01 13:00:00,Ursinus vs Brockport,Virtius,H4nv_cXSk9,https://virti.us/session?s=H4nv_cXSk9,WAG,EXPORTED,20260201_V_H4nv_cXSk9_WAG_UrsinusvsBrockport.csv,,
2026-02-01 13:00:00,UNH / Towson / Yale,Virtius,VJf7p783bF,https://virti.us/session?s=VJf7p783bF,WAG,EXPORTED,20260201_V_VJf7p783bF_WAG_UNHTowsonYale.csv,,
2026-02-01 13:00:00,Springfield vs William & Mary,Virtius,K6p-s3tXUi,https://virti.us/session?s=K6p-s3tXUi,MAG,EXPORTED,20260201_V_K6p-s3tXUi_MAG_SpringfieldvsWilliamMary.csv,,
2026-02-01 13:00:00,Penn State vs Illinois,Virtius,UUEBPxER70,https://virti.us/session?s=UUEBPxER70,MAG,EXPORTED,20260201_V_UUEBPxER70_MAG_PennStatevsIllinois.csv,,
2026-01-31 17:00:00,Minnesota vs Iowa,Virtius,WUjGeC1SXo,https://virti.us/session?s=WUjGeC1SXo,WAG,EXPORTED,20260131_V_WUjGeC1SXo_WAG_MinnesotavsIowa.csv,,
2026-01-31 17:00:00,UW-Whitewater vs Gustavus,Virtius,px2WjILJ9-,https://virti.us/session?s=px2WjILJ9-,WAG,EXPORTED,20260131_V_px2WjILJ9-_WAG_UWWhitewatervsGustavus.csv,,
2026-01-31 16:00:00,Nebraska vs Ohio State,Virtius,Oc9YG41SQX,https://virti.us/session?s=Oc9YG41SQX,WAG,EXPORTED,20260131_V_Oc9YG41SQX_WAG_NebraskavsOhioState.csv,,
2026-01-31 13:00:00,West Chester vs Cortland,Virtius,AL9OnER-zY,https://virti.us/session?s=AL9OnER-zY,WAG,EXPORTED,20260131_V_AL9OnER-zY_WAG_WestChestervsCortland.csv,,
2026-01-30 22:00:00,UC Davis vs TWU,Virtius,q7MSddb4G8,https://virti.us/session?s=q7MSddb4G8,WAG,EXPORTED,20260130_V_q7MSddb4G8_WAG_UCDavisvsTWU.csv,,
2026-01-30 22:00:00,UCLA vs Washington,Virtius,xJWEgtJCQ7,https://virti.us/session?s=xJWEgtJCQ7,WAG,EXPORTED,20260130_V_xJWEgtJCQ7_WAG_UCLAvsWashington.csv,,
2026-01-30 22:00:00,Stanford vs California,Virtius,mAaey25UeT,https://virti.us/session?s=mAaey25UeT,WAG,EXPORTED,20260130_V_mAaey25UeT_WAG_StanfordvsCalifornia.csv,,
2026-01-30 21:00:00,BYU vs Arizona,Virtius,Xfe98lb-_J,https://virti.us/session?s=Xfe98lb-_J,WAG,EXPORTED,20260130_V_Xfe98lb-_J_WAG_BYUvsArizona.csv,,
2026-01-30 21:00:00,Boise State / Air Force / Utah State / Sac State,Virtius,8ywbYTYyrj,https://virti.us/session?s=8ywbYTYyrj,WAG,EXPORTED,20260130_V_8ywbYTYyrj_WAG_BoiseStateAirForceUtahStateSacState.csv,,
2026-01-30 21:00:00,Utah vs Arizona State,Virtius,Yn3xXqRx_D,https://virti.us/session?s=Yn3xXqRx_D,WAG,EXPORTED,20260130_V_Yn3xXqRx_D_WAG_UtahvsArizonaState.csv,,
2026-01-30 19:45:00,Missouri vs LSU,Virtius,5j0yATMveQ,https://virti.us/session?s=5j0yATMveQ,WAG,EXPORTED,20260130_V_5j0yATMveQ_WAG_MissourivsLSU.csv,,
2026-01-30 19:30:00,Alabama vs Oregon State,Virtius,zIQ5fk6ubH,https://virti.us/session?s=zIQ5fk6ubH,WAG,EXPORTED,20260130_V_zIQ5fk6ubH_WAG_AlabamavsOregonState.csv,,
2026-01-30 19:15:00,Florida vs Arkansas,Virtius,aKSPfgg0NK,https://virti.us/session?s=aKSPfgg0NK,WAG,EXPORTED,20260130_V_aKSPfgg0NK_WAG_FloridavsArkansas.csv,,
2026-01-30 19:00:00,UW-Stout vs Hamline,Virtius,mYOB-puIg_,https://virti.us/session?s=mYOB-puIg_,WAG,EXPORTED,20260130_V_mYOB-puIg__WAG_UWStoutvsHamline.csv,,
2026-01-30 19:00:00,Georgia / CMU / Temple / Fisk,Virtius,L_aMxS0wGe,https://virti.us/session?s=L_aMxS0wGe,WAG,EXPORTED,20260130_V_L_aMxS0wGe_WAG_GeorgiaCMUTempleFisk.csv,,
2026-01-30 19:00:00,Clemson vs UNC,Virtius,5VNRLbX-bg,https://virti.us/session?s=5VNRLbX-bg,WAG,EXPORTED,20260130_V_5VNRLbX-bg_WAG_ClemsonvsUNC.csv,,
2026-01-30 19:00:00,WVU / Cornell / Pitt / Kent State,Virtius,kfULK-83rl,https://virti.us/session?s=kfULK-83rl,WAG,EXPORTED,20260130_V_kfULK-83rl_WAG_WVUCornellPittKentState.csv,,
2026-01-30 18:00:00,Kentucky vs Oklahoma,Virtius,rIKiGhEwTu,https://virti.us/session?s=rIKiGhEwTu,WAG,EXPORTED,20260130_V_rIKiGhEwTu_WAG_KentuckyvsOklahoma.csv,,
2026-01-29 18:00:00,Eastern Michigan vs Wilberforce,Virtius,TmEJFvtrrj,https://virti.us/session?s=TmEJFvtrrj,WAG,EXPORTED,20260129_V_TmEJFvtrrj_WAG_EasternMichiganvsWilberforce.csv,,
2026-01-27 18:00:00,Cornell vs Bowling Green,Virtius,qmPRCyXVno,https://virti.us/session?s=qmPRCyXVno,WAG,EXPORTED,20260127_V_qmPRCyXVno_WAG_CornellvsBowlingGreen.csv,,
2026-01-27 18:00:00,Yale vs UNH,Virtius,qfY-3z4JlQ,https://virti.us/session?s=qfY-3z4JlQ,WAG,EXPORTED,20260127_V_qfY-3z4JlQ_WAG_YalevsUNH.csv,,
2026-01-25 17:00:00,Stanford vs Clemson,Virtius,EpOqKhlHNb,https://virti.us/session?s=EpOqKhlHNb,WAG,EXPORTED,20260125_V_EpOqKhlHNb_WAG_StanfordvsClemson.csv,,
2026-01-25 17:00:00,Iowa State vs Utah,Virtius,aQpOB41ThF,https://virti.us/session?s=aQpOB41ThF,WAG,EXPORTED,20260125_V_aQpOB41ThF_WAG_IowaStatevsUtah.csv,,
2026-01-25 16:00:00,Oregon State vs Utah State,Virtius,AlHNJ9aEOB,https://virti.us/session?s=AlHNJ9aEOB,WAG,EXPORTED,20260125_V_AlHNJ9aEOB_WAG_OregonStatevsUtahState.csv,,
2026-01-25 13:00:00,Michigan State vs UCLA,Virtius,y_wp7CWqKE,https://virti.us/session?s=y_wp7CWqKE,WAG,EXPORTED,20260125_V_y_wp7CWqKE_WAG_MichiganStatevsUCLA.csv,,
2026-01-24 22:00:00,Stanford / California / Ohio State (Stanford Open '26),Virtius,n9CUc1R-5i,https://virti.us/session?s=n9CUc1R-5i,MAG,EXPORTED,20260124_V_n9CUc1R-5i_MAG_StanfordCaliforniaOhioStateStanfordOpen26.csv,,
2026-01-24 19:00:00,California vs NC State,Virtius,p4AUFPAq9w,https://virti.us/session?s=p4AUFPAq9w,WAG,EXPORTED,20260124_V_p4AUFPAq9w_WAG_CaliforniavsNCState.csv,,
2026-01-24 18:00:00,CMU vs Illinois State,Virtius,s0vLaGw5e3,https://virti.us/session?s=s0vLaGw5e3,WAG,EXPORTED,20260124_V_s0vLaGw5e3_WAG_CMUvsIllinoisState.csv,,
2026-01-24 17:00:00,Bridgeport / Brown / LIU / Springfield,Virtius,0kp_rjcy0W,https://virti.us/session?s=0kp_rjcy0W,WAG,EXPORTED,20260124_V_0kp_rjcy0W_WAG_BridgeportBrownLIUSpringfield.csv,,
2026-01-24 16:00:00,Nebraska vs Minnesota,Virtius,mWUmnwdPpz,https://virti.us/session?s=mWUmnwdPpz,WAG,EXPORTED,20260124_V_mWUmnwdPpz_WAG_NebraskavsMinnesota.csv,,
2026-01-24 16:00:00,WVU vs Denver,Virtius,_62BQZiChE,https://virti.us/session?s=_62BQZiChE,WAG,EXPORTED,20260124_V__62BQZiChE_WAG_WVUvsDenver.csv,,
2026-01-24 15:45:00,Michigan vs Iowa,Virtius,zoUUOwf54j,https://virti.us/session?s=zoUUOwf54j,WAG,EXPORTED,20260124_V_zoUUOwf54j_WAG_MichiganvsIowa.csv,,
2026-01-24 15:00:00,Simpson vs UWL,Virtius,a6F3ocABAY,https://virti.us/session?s=a6F3ocABAY,WAG,EXPORTED,20260124_V_a6F3ocABAY_WAG_SimpsonvsUWL.csv,,
2026-01-24 15:00:00,NIU vs Ball State,Virtius,TvtIxfvGzz,https://virti.us/session?s=TvtIxfvGzz,WAG,EXPORTED,20260124_V_TvtIxfvGzz_WAG_NIUvsBallState.csv,,
2026-01-24 14:00:00,Michigan vs Oklahoma,Virtius,ZgZc5RvZkp,https://virti.us/session?s=ZgZc5RvZkp,MAG,EXPORTED,20260124_V_ZgZc5RvZkp_MAG_MichiganvsOklahoma.csv,,
2026-01-24 13:00:00,Penn State vs Maryland,Virtius,K0LSEFxP9F,https://virti.us/session?s=K0LSEFxP9F,WAG,EXPORTED,20260124_V_K0LSEFxP9F_WAG_PennStatevsMaryland.csv,,
2026-01-24 12:30:00,West Chester vs William & Mary,Virtius,d8b1GECr3c,https://virti.us/session?s=d8b1GECr3c,WAG,EXPORTED,20260124_V_d8b1GECr3c_WAG_WestChestervsWilliamMary.csv,,
2026-01-23 21:30:00,Washington vs Rutgers,Virtius,1t-Tp7y7H1,https://virti.us/session?s=1t-Tp7y7H1,WAG,EXPORTED,20260123_V_1t-Tp7y7H1_WAG_WashingtonvsRutgers.csv,,
2026-01-23 21:00:00,Arizona State vs BYU,Virtius,PIAv4WdUrN,https://virti.us/session?s=PIAv4WdUrN,WAG,EXPORTED,20260123_V_PIAv4WdUrN_WAG_ArizonaStatevsBYU.csv,,
2026-01-23 21:00:00,Air Force / Kent State / Eastern Michigan / Boise State,Virtius,oIGnf3aWYd,https://virti.us/session?s=oIGnf3aWYd,WAG,EXPORTED,20260123_V_oIGnf3aWYd_WAG_AirForceKentStateEasternMichiganBoiseState.csv,,
2026-01-23 20:45:00,Auburn vs Florida,Virtius,2xQJ5DbATf,https://virti.us/session?s=2xQJ5DbATf,WAG,EXPORTED,20260123_V_2xQJ5DbATf_WAG_AuburnvsFlorida.csv,,
2026-01-23 20:00:00,Arizona vs Towson,Virtius,gHJjxIybgG,https://virti.us/session?s=gHJjxIybgG,WAG,EXPORTED,20260123_V_gHJjxIybgG_WAG_ArizonavsTowson.csv,,
2026-01-23 19:30:00,LSU vs Kentucky,Virtius,v70RnqTKph,https://virti.us/session?s=v70RnqTKph,WAG,EXPORTED,20260123_V_v70RnqTKph_WAG_LSUvsKentucky.csv,,
2026-01-23 19:30:00,Hamline vs UW-Eau Claire,Virtius,e2LWxAxM4D,https://virti.us/session?s=e2LWxAxM4D,WAG,EXPORTED,20260123_V_e2LWxAxM4D_WAG_HamlinevsUWEauClaire.csv,,
2026-01-23 19:30:00,Alabama vs Missouri,Virtius,hWlTqsQWPZ,https://virti.us/session?s=hWlTqsQWPZ,WAG,EXPORTED,20260123_V_hWlTqsQWPZ_WAG_AlabamavsMissouri.csv,,
2026-01-23 19:00:00,Gustavus vs UW-Oshkosh,Virtius,xcCsbBVbuj,https://virti.us/session?s=xcCsbBVbuj,WAG,EXPORTED,20260123_V_xcCsbBVbuj_WAG_GustavusvsUWOshkosh.csv,,
2026-01-23 19:00:00,Winona State vs UW-Stout,Virtius,MMjz4epffl,https://virti.us/session?s=MMjz4epffl,WAG,EXPORTED,20260123_V_MMjz4epffl_WAG_WinonaStatevsUWStout.csv,,
2026-01-23 18:45:00,UNC vs Pitt,Virtius,FOVYZjX16j,https://virti.us/session?s=FOVYZjX16j,WAG,EXPORTED,20260123_V_FOVYZjX16j_WAG_UNCvsPitt.csv,,
2026-01-23 18:00:00,Temple / GW / TWU / Penn,Virtius,Vlx4JpcKXy,https://virti.us/session?s=Vlx4JpcKXy,WAG,EXPORTED,20260123_V_Vlx4JpcKXy_WAG_TempleGWTWUPenn.csv,,
2026-01-23 18:00:00,Utica vs Cortland,Virtius,2mApQ0-gFS,https://virti.us/session?s=2mApQ0-gFS,WAG,EXPORTED,20260123_V_2mApQ0-gFS_WAG_UticavsCortland.csv,,
2026-01-23 15:00:00,Oklahoma vs Georgia,Virtius,7qxSZapd--,https://virti.us/session?s=7qxSZapd--,WAG,EXPORTED,20260123_V_7qxSZapd--_WAG_OklahomavsGeorgia.csv,,
2026-01-23 14:00:00,Arkansas vs SEMO,Virtius,KGfuOo4YTu,https://virti.us/session?s=KGfuOo4YTu,WAG,EXPORTED,20260123_V_KGfuOo4YTu_WAG_ArkansasvsSEMO.csv,,
2026-01-18 17:45:00,Arkansas vs Auburn,Virtius,3bgpsILyO1,https://virti.us/session?s=3bgpsILyO1,WAG,EXPORTED,20260118_V_3bgpsILyO1_WAG_ArkansasvsAuburn.csv,,
2026-01-18 17:00:00,UC Davis vs San Jose State,Virtius,qodSexWFZH,https://virti.us/session?s=qodSexWFZH,WAG,EXPORTED,20260118_V_qodSexWFZH_WAG_UCDavisvsSanJoseState.csv,,
2026-01-18 16:00:00,Pitt vs California,Virtius,cjb8NV57va,https://virti.us/session?s=cjb8NV57va,WAG,EXPORTED,20260118_V_cjb8NV57va_WAG_PittvsCalifornia.csv,,
2026-01-18 15:45:00,UNC vs Stanford,Virtius,Gh9PAmwdZ4,https://virti.us/session?s=Gh9PAmwdZ4,WAG,EXPORTED,20260118_V_Gh9PAmwdZ4_WAG_UNCvsStanford.csv,,
2026-01-18 15:00:00,Illinois State vs Centenary,Virtius,gxdXjVMD3w,https://virti.us/session?s=gxdXjVMD3w,WAG,EXPORTED,20260118_V_gxdXjVMD3w_WAG_IllinoisStatevsCentenary.csv,,
2026-01-18 14:00:00,UNH / Air Force / Bridgeport / Iowa State,Virtius,C3uv3h30_5,https://virti.us/session?s=C3uv3h30_5,WAG,EXPORTED,20260118_V_C3uv3h30_5_WAG_UNHAirForceBridgeportIowaState.csv,,
2026-01-18 14:00:00,CMU vs Western Michigan,Virtius,znQnrta6LJ,https://virti.us/session?s=znQnrta6LJ,WAG,EXPORTED,20260118_V_znQnrta6LJ_WAG_CMUvsWesternMichigan.csv,,
2026-01-18 13:00:00,Ithaca vs Ursinus,Virtius,zq6oMm5tSP,https://virti.us/session?s=zq6oMm5tSP,WAG,EXPORTED,20260118_V_zq6oMm5tSP_WAG_IthacavsUrsinus.csv,,
2026-01-18 13:00:00,GW / Cornell / Penn / West Chester,Virtius,q5nv2TSvMg,https://virti.us/session?s=q5nv2TSvMg,WAG,EXPORTED,20260118_V_q5nv2TSvMg_WAG_GWCornellPennWestChester.csv,,
2026-01-18 13:00:00,Kent State / Fisk / WVU,Virtius,EHciV5q2lV,https://virti.us/session?s=EHciV5q2lV,WAG,EXPORTED,20260118_V_EHciV5q2lV_WAG_KentStateFiskWVU.csv,,
2026-01-18 13:00:00,Ball State vs Bowling Green,Virtius,ezmvitnAO-,https://virti.us/session?s=ezmvitnAO-,WAG,EXPORTED,20260118_V_ezmvitnAO-_WAG_BallStatevsBowlingGreen.csv,,
2026-01-18 13:00:00,Yale vs Brown,Virtius,movv9e95zQ,https://virti.us/session?s=movv9e95zQ,WAG,EXPORTED,20260118_V_movv9e95zQ_WAG_YalevsBrown.csv,,
2026-01-17 19:30:00,Maryland vs Washington,Virtius,3EIc9F_0Qt,https://virti.us/session?s=3EIc9F_0Qt,WAG,EXPORTED,20260117_V_3EIc9F_0Qt_WAG_MarylandvsWashington.csv,,
2026-01-17 18:00:00,UCLA vs Nebraska,Virtius,p4OyNaVP3X,https://virti.us/session?s=p4OyNaVP3X,WAG,EXPORTED,20260117_V_p4OyNaVP3X_WAG_UCLAvsNebraska.csv,,
2026-01-17 17:00:00,Minnesota vs Michigan,Virtius,S1WhKhcrIK,https://virti.us/session?s=S1WhKhcrIK,WAG,EXPORTED,20260117_V_S1WhKhcrIK_WAG_MinnesotavsMichigan.csv,,
2026-01-17 16:00:00,Eastern Michigan / Brockport / NIU,Virtius,sgE3665OGb,https://virti.us/session?s=sgE3665OGb,WAG,EXPORTED,20260117_V_sgE3665OGb_WAG_EasternMichiganBrockportNIU.csv,,
2026-01-17 16:00:00,Rutgers vs Ohio State,Virtius,PqN7VI3cO2,https://virti.us/session?s=PqN7VI3cO2,WAG,EXPORTED,20260117_V_PqN7VI3cO2_WAG_RutgersvsOhioState.csv,,
2026-01-17 16:00:00,NC State vs Clemson,Virtius,lJgguzvWFL,https://virti.us/session?s=lJgguzvWFL,WAG,EXPORTED,20260117_V_lJgguzvWFL_WAG_NCStatevsClemson.csv,,
2026-01-17 15:00:00,Simpson vs UW-Whitewater,Virtius,lKolKihFpY,https://virti.us/session?s=lKolKihFpY,WAG,EXPORTED,20260117_V_lKolKihFpY_WAG_SimpsonvsUWWhitewater.csv,,
2026-01-17 15:00:00,Temple vs LIU,Virtius,QdLvm4xXZC,https://virti.us/session?s=QdLvm4xXZC,WAG,EXPORTED,20260117_V_QdLvm4xXZC_WAG_TemplevsLIU.csv,,
2026-01-17 13:00:00,SCSU / Springfield / RIC / Utica,Virtius,jQYvr_zTk3,https://virti.us/session?s=jQYvr_zTk3,WAG,EXPORTED,20260117_V_jQYvr_zTk3_WAG_SCSUSpringfieldRICUtica.csv,,
2026-01-16 22:00:00,Oregon State vs Sac State,Virtius,RRQ1hl52va,https://virti.us/session?s=RRQ1hl52va,WAG,EXPORTED,20260116_V_RRQ1hl52va_WAG_OregonStatevsSacState.csv,,
2026-01-16 21:00:00,BYU vs Boise State,Virtius,xCn4y8_yF5,https://virti.us/session?s=xCn4y8_yF5,WAG,EXPORTED,20260116_V_xCn4y8_yF5_WAG_BYUvsBoiseState.csv,,
2026-01-16 20:45:00,Missouri vs Oklahoma,Virtius,Z_n4ZCP9Py,https://virti.us/session?s=Z_n4ZCP9Py,WAG,EXPORTED,20260116_V_Z_n4ZCP9Py_WAG_MissourivsOklahoma.csv,,
2026-01-16 20:00:00,TWU / Denver / Arizona,Virtius,Uz18zwzKAu,https://virti.us/session?s=Uz18zwzKAu,WAG,EXPORTED,20260116_V_Uz18zwzKAu_WAG_TWUDenverArizona.csv,,
2026-01-16 19:00:00,Kentucky vs Arizona State,Virtius,BnlbPhlqly,https://virti.us/session?s=BnlbPhlqly,WAG,EXPORTED,20260116_V_BnlbPhlqly_WAG_KentuckyvsArizonaState.csv,,
2026-01-16 19:00:00,Georgia vs LSU,Virtius,XPdBl6na3C,https://virti.us/session?s=XPdBl6na3C,WAG,EXPORTED,20260116_V_XPdBl6na3C_WAG_GeorgiavsLSU.csv,,
2026-01-16 18:45:00,Florida vs Alabama,Virtius,BfO-LkCWGw,https://virti.us/session?s=BfO-LkCWGw,WAG,EXPORTED,20260116_V_BfO-LkCWGw_WAG_FloridavsAlabama.csv,,
2026-01-16 18:30:00,Winona State / UW-Eau Claire / Gustavus,Virtius,eB7LzeNQKN,https://virti.us/session?s=eB7LzeNQKN,WAG,EXPORTED,20260116_V_eB7LzeNQKN_WAG_WinonaStateUWEauClaireGustavus.csv,,
2026-01-16 18:30:00,UWL vs Greenville,Virtius,wC7o4lhNKi,https://virti.us/session?s=wC7o4lhNKi,WAG,EXPORTED,20260116_V_wC7o4lhNKi_WAG_UWLvsGreenville.csv,,
2026-01-15 19:00:00,UW-Oshkosh vs Hamline,Virtius,0w84o2yzHw,https://virti.us/session?s=0w84o2yzHw,WAG,EXPORTED,20260115_V_0w84o2yzHw_WAG_UWOshkoshvsHamline.csv,,
2026-01-12 21:00:00,Best of Utah 2026,Virtius,C1XuuEGIIF,https://virti.us/session?s=C1XuuEGIIF,WAG,EXPORTED,20260112_V_C1XuuEGIIF_WAG_BestofUtah2026.csv,,
2026-01-11 16:00:00,Arizona State / San Jose State / UC Davis,Virtius,TQsCxDPuKE,https://virti.us/session?s=TQsCxDPuKE,WAG,EXPORTED,20260111_V_TQsCxDPuKE_WAG_ArizonaStateSanJoseStateUCDavis.csv,,
2026-01-11 16:00:00,Hamline vs Simpson,Virtius,-FFAeJ8vaC,https://virti.us/session?s=-FFAeJ8vaC,WAG,EXPORTED,20260111_V_-FFAeJ8vaC_WAG_HamlinevsSimpson.csv,,
2026-01-11 15:45:00,Denver vs Stanford,Virtius,tuj7tgbFwx,https://virti.us/session?s=tuj7tgbFwx,WAG,EXPORTED,20260111_V_tuj7tgbFwx_WAG_DenvervsStanford.csv,,
2026-01-11 15:00:00,TWU vs Pitt,Virtius,QbIOH2dXst,https://virti.us/session?s=QbIOH2dXst,WAG,EXPORTED,20260111_V_QbIOH2dXst_WAG_TWUvsPitt.csv,,
2026-01-11 15:00:00,Bulldog Invitational 2026,Virtius,Tse12AvA1p,https://virti.us/session?s=Tse12AvA1p,WAG,EXPORTED,20260111_V_Tse12AvA1p_WAG_BulldogInvitational2026.csv,,
2026-01-11 14:00:00,Bowling Green vs Eastern Michigan,Virtius,jFNzPhrWp1,https://virti.us/session?s=jFNzPhrWp1,WAG,EXPORTED,20260111_V_jFNzPhrWp1_WAG_BowlingGreenvsEasternMichigan.csv,,
2026-01-11 14:00:00,Penn State vs Yale,Virtius,z8DSIiqhk-,https://virti.us/session?s=z8DSIiqhk-,WAG,EXPORTED,20260111_V_z8DSIiqhk-_WAG_PennStatevsYale.csv,,
2026-01-11 14:00:00,Brown / RIC / SCSU / Springfield,Virtius,xJb_VEoFHQ,https://virti.us/session?s=xJb_VEoFHQ,WAG,EXPORTED,20260111_V_xJb_VEoFHQ_WAG_BrownRICSCSUSpringfield.csv,,
2026-01-11 14:00:00,Penn State vs Army,Virtius,CX58de6xTX,https://virti.us/session?s=CX58de6xTX,MAG,EXPORTED,20260111_V_CX58de6xTX_MAG_PennStatevsArmy.csv,,
2026-01-11 13:00:00,Ursinus vs Cortland,Virtius,_OyIV1edEW,https://virti.us/session?s=_OyIV1edEW,WAG,EXPORTED,20260111_V__OyIV1edEW_WAG_UrsinusvsCortland.csv,,
2026-01-11 13:00:00,Ball State / Rutgers / Western Michigan,Virtius,0hP9J2yfFV,https://virti.us/session?s=0hP9J2yfFV,WAG,EXPORTED,20260111_V_0hP9J2yfFV_WAG_BallStateRutgersWesternMichigan.csv,,
2026-01-11 13:00:00,Cornell / Penn / Bridgeport,Virtius,Pu24zUq8VZ,https://virti.us/session?s=Pu24zUq8VZ,WAG,EXPORTED,20260111_V_Pu24zUq8VZ_WAG_CornellPennBridgeport.csv,,
2026-01-11 13:00:00,Kent State vs Northern Illinois,Virtius,rx23A0UWi3,https://virti.us/session?s=rx23A0UWi3,WAG,EXPORTED,20260111_V_rx23A0UWi3_WAG_KentStatevsNorthernIllinois.csv,,
2026-01-10 20:00:00,Sprouts Farmers Market Collegiate Quad: Session 2,Virtius,XVk5MDQ1Kk,https://virti.us/session?s=XVk5MDQ1Kk,WAG,EXPORTED,20260110_V_XVk5MDQ1Kk_WAG_SproutsFarmersMarketCollegiateQuadSession2.csv,,
2026-01-10 17:00:00,Minnesota vs Arkansas,Virtius,v6tVe991Ne,https://virti.us/session?s=v6tVe991Ne,WAG,EXPORTED,20260110_V_v6tVe991Ne_WAG_MinnesotavsArkansas.csv,,
2026-01-10 16:00:00,Sprouts Farmers Market Collegiate Quad: Session 1,Virtius,9WRjkzZznl,https://virti.us/session?s=9WRjkzZznl,WAG,EXPORTED,20260110_V_9WRjkzZznl_WAG_SproutsFarmersMarketCollegiateQuadSession1.csv,,
2026-01-10 16:00:00,Nebraska / Missouri / UW-Stout / UWL,Virtius,p8KO-dZvmC,https://virti.us/session?s=p8KO-dZvmC,WAG,EXPORTED,20260110_V_p8KO-dZvmC_WAG_NebraskaMissouriUWStoutUWL.csv,,
2026-01-10 14:00:00,Brockport vs Ithaca,Virtius,qNr1k97Kgi,https://virti.us/session?s=qNr1k97Kgi,WAG,EXPORTED,20260110_V_qNr1k97Kgi_WAG_BrockportvsIthaca.csv,,
2026-01-10 14:00:00,Navy vs Springfield,Virtius,3SPuI0zL8-,https://virti.us/session?s=3SPuI0zL8-,MAG,EXPORTED,20260110_V_3SPuI0zL8-_MAG_NavyvsSpringfield.csv,,
2026-01-10 14:00:00,Michigan / Simpson / Greenville,Virtius,K6adICD5NT,https://virti.us/session?s=K6adICD5NT,MAG,EXPORTED,20260110_V_K6adICD5NT_MAG_MichiganSimpsonGreenville.csv,,
2026-01-09 21:00:00,BYU vs Oregon State,Virtius,s-zulYvxIo,https://virti.us/session?s=s-zulYvxIo,WAG,EXPORTED,20260109_V_s-zulYvxIo_WAG_BYUvsOregonState.csv,,
2026-01-09 21:00:00,Air Force vs Winona State,Virtius,nDdVLgeCoT,https://virti.us/session?s=nDdVLgeCoT,WAG,EXPORTED,20260109_V_nDdVLgeCoT_WAG_AirForcevsWinonaState.csv,,
2026-01-09 21:00:00,California vs Stanford,Virtius,EeUcxrjyBD,https://virti.us/session?s=EeUcxrjyBD,MAG,EXPORTED,20260109_V_EeUcxrjyBD_MAG_CaliforniavsStanford.csv,,
2026-01-09 20:30:00,Southern Utah vs Boise State,Virtius,ljLa_PXwHJ,https://virti.us/session?s=ljLa_PXwHJ,WAG,EXPORTED,20260109_V_ljLa_PXwHJ_WAG_SouthernUtahvsBoiseState.csv,,
2026-01-09 20:00:00,Auburn vs NC State,Virtius,Xu5kPZoPvy,https://virti.us/session?s=Xu5kPZoPvy,WAG,EXPORTED,20260109_V_Xu5kPZoPvy_WAG_AuburnvsNCState.csv,,
2026-01-09 20:00:00,Arizona vs Washington,Virtius,1SWwKkFfqn,https://virti.us/session?s=1SWwKkFfqn,WAG,EXPORTED,20260109_V_1SWwKkFfqn_WAG_ArizonavsWashington.csv,,
2026-01-09 19:30:00,SEMO / Fisk / CMU,Virtius,cCPJlSiip_,https://virti.us/session?s=cCPJlSiip_,WAG,EXPORTED,20260109_V_cCPJlSiip__WAG_SEMOFiskCMU.csv,,
2026-01-09 19:00:00,Clemson vs Alabama,Virtius,1UnQKbk4jn,https://virti.us/session?s=1UnQKbk4jn,WAG,EXPORTED,20260109_V_1UnQKbk4jn_WAG_ClemsonvsAlabama.csv,,
2026-01-09 19:00:00,Maryland / GW / UNH / LIU,Virtius,jo2ZGxdHEo,https://virti.us/session?s=jo2ZGxdHEo,WAG,EXPORTED,20260109_V_jo2ZGxdHEo_WAG_MarylandGWUNHLIU.csv,,
2026-01-09 19:00:00,UW-Eau Claire vs Gustavus,Virtius,5c-k9YXJw8,https://virti.us/session?s=5c-k9YXJw8,WAG,EXPORTED,20260109_V_5c-k9YXJw8_WAG_UWEauClairevsGustavus.csv,,
2026-01-09 18:45:00,Florida / UNC / WVU / Temple,Virtius,AdVHymVhHj,https://virti.us/session?s=AdVHymVhHj,WAG,EXPORTED,20260109_V_AdVHymVhHj_WAG_FloridaUNCWVUTemple.csv,,
2026-01-09 18:00:00,UW-Oshkosh vs UW-Whitewater,Virtius,3o1eHedTZe,https://virti.us/session?s=3o1eHedTZe,WAG,EXPORTED,20260109_V_3o1eHedTZe_WAG_UWOshkoshvsUWWhitewater.csv,,
2026-01-04 15:00:00,Missouri vs Iowa State,Virtius,CsDcitZCLO,https://virti.us/session?s=CsDcitZCLO,WAG,EXPORTED,20260104_V_CsDcitZCLO_WAG_MissourivsIowaState.csv,,
2026-01-04 14:00:00,Rutgers / Temple / Brockport,Virtius,Kjw73C9cAD,https://virti.us/session?s=Kjw73C9cAD,WAG,EXPORTED,20260104_V_Kjw73C9cAD_WAG_RutgersTempleBrockport.csv,,
2026-01-04 14:00:00,Clemson vs Towson,Virtius,X_9t41xaLU,https://virti.us/session?s=X_9t41xaLU,WAG,EXPORTED,20260104_V_X_9t41xaLU_WAG_ClemsonvsTowson.csv,,
2026-01-03 18:00:00,Washington / California / Oregon State / UCLA,Virtius,57h4x8lXRL,https://virti.us/session?s=57h4x8lXRL,WAG,EXPORTED,20260103_V_57h4x8lXRL_WAG_WashingtonCaliforniaOregonStateUCLA.csv,,
2026-01-03 15:00:00,UW-Oshkosh / Greenville / UW-Stout / Winona State,Virtius,lpzlHBiSYB,https://virti.us/session?s=lpzlHBiSYB,WAG,EXPORTED,20260103_V_lpzlHBiSYB_WAG_UWOshkoshGreenvilleUWStoutWinonaState.csv,,
2026-01-02 21:00:00,Utah / Minnesota / Iowa,Virtius,yLmIWwKtU0,https://virti.us/session?s=yLmIWwKtU0,WAG,EXPORTED,20260102_V_yLmIWwKtU0_WAG_UtahMinnesotaIowa.csv,,
